game_id,season,game_date,home_team,away_team,y_home_win,elo_home_win_probability,split,elo_prediction
S43G01N1,2023-2024,2023-10-21,안양 정관장,서울 SK,0,0.5924662305843318,train,1
S43G01N2,2023-2024,2023-10-21,창원 LG,수원 KT,0,0.5924662305843318,train,1
S43G01N3,2023-2024,2023-10-21,울산 현대모비스,대구 한국가스공사,1,0.5924662305843318,train,1
S43G01N4,2023-2024,2023-10-22,서울 SK,수원 KT,1,0.5924662305843318,train,1
S43G01N5,2023-2024,2023-10-22,고양 소노,원주 DB,0,0.5924662305843318,train,1
S43G01N6,2023-2024,2023-10-22,부산 KCC,서울 삼성,1,0.5924662305843318,train,1
S43G01N7,2023-2024,2023-10-23,울산 현대모비스,창원 LG,1,0.6199413590445233,train,1
S43G01N8,2023-2024,2023-10-24,고양 소노,서울 SK,0,0.547563404009058,train,1
S43G01N9,2023-2024,2023-10-26,창원 LG,원주 DB,0,0.5483469272226097,train,1
S43G01N10,2023-2024,2023-10-27,울산 현대모비스,서울 SK,1,0.5711819686785162,train,1
S43G01N11,2023-2024,2023-10-27,서울 삼성,고양 소노,1,0.6126586967306855,train,1
S43G01N12,2023-2024,2023-10-28,원주 DB,부산 KCC,1,0.6126801032254674,train,1
S43G01N13,2023-2024,2023-10-28,대구 한국가스공사,창원 LG,0,0.6230109270204315,train,1
S43G01N14,2023-2024,2023-10-28,수원 KT,안양 정관장,0,0.613884774329457,train,1
S43G01N15,2023-2024,2023-10-29,서울 삼성,창원 LG,0,0.6166174233626488,train,1
S43G01N16,2023-2024,2023-10-29,대구 한국가스공사,서울 SK,1,0.5316386495180003,train,1
S43G01N17,2023-2024,2023-10-29,고양 소노,울산 현대모비스,1,0.514566020406206,train,1
S43G01N18,2023-2024,2023-10-30,수원 KT,원주 DB,0,0.5371445155250898,train,1
S43G01N19,2023-2024,2023-10-31,안양 정관장,울산 현대모비스,0,0.5726029743292956,train,1
S43G01N20,2023-2024,2023-10-31,서울 삼성,대구 한국가스공사,1,0.5903901284819847,train,1
S43G01N21,2023-2024,2023-11-02,창원 LG,고양 소노,1,0.6134288049376733,train,1
S43G01N22,2023-2024,2023-11-02,서울 삼성,안양 정관장,0,0.6014403435640844,train,1
S43G01N23,2023-2024,2023-11-03,울산 현대모비스,부산 KCC,0,0.6275973176018887,train,1
S43G01N24,2023-2024,2023-11-03,대구 한국가스공사,원주 DB,0,0.5061282884807943,train,1
S43G01N25,2023-2024,2023-11-04,창원 LG,서울 SK,1,0.577231378851747,train,1
S43G01N26,2023-2024,2023-11-04,안양 정관장,고양 소노,0,0.6328398088052535,train,1
S43G01N27,2023-2024,2023-11-04,서울 삼성,수원 KT,0,0.596281577067434,train,1
S43G01N28,2023-2024,2023-11-05,울산 현대모비스,원주 DB,0,0.5389090124741163,train,1
S43G01N29,2023-2024,2023-11-05,대구 한국가스공사,안양 정관장,0,0.5673606078700366,train,1
S43G01N30,2023-2024,2023-11-06,수원 KT,고양 소노,1,0.6042483035885966,train,1
S43G01N31,2023-2024,2023-11-07,안양 정관장,부산 KCC,1,0.5739132802910928,train,1
S43G01N32,2023-2024,2023-11-07,원주 DB,서울 삼성,1,0.7101903102014878,train,1
S43G01N33,2023-2024,2023-11-09,수원 KT,대구 한국가스공사,1,0.6485400343253505,train,1
S43G01N34,2023-2024,2023-11-09,울산 현대모비스,서울 삼성,1,0.6427607800460199,train,1
S43G01N35,2023-2024,2023-11-10,창원 LG,부산 KCC,1,0.6009541802767702,train,1
S43G01N36,2023-2024,2023-11-10,원주 DB,안양 정관장,0,0.6722372892277014,train,1
S43G01N37,2023-2024,2023-11-11,서울 삼성,서울 SK,0,0.5273278461463667,train,1
S43G01N38,2023-2024,2023-11-11,대구 한국가스공사,고양 소노,0,0.5585802968181512,train,1
S43G01N39,2023-2024,2023-11-11,수원 KT,울산 현대모비스,1,0.5892122059086149,train,1
S43G01N40,2023-2024,2023-11-12,원주 DB,서울 SK,1,0.6459567917016628,train,1
S43G01N41,2023-2024,2023-11-12,안양 정관장,창원 LG,1,0.5967942574029502,train,1
S43G01N42,2023-2024,2023-11-12,고양 소노,부산 KCC,1,0.5797449762524644,train,1
S43G01N43,2023-2024,2023-11-13,울산 현대모비스,수원 KT,0,0.5727409789376611,train,1
S43G01N44,2023-2024,2023-11-14,원주 DB,부산 KCC,1,0.6895013194765754,train,1
S43G01N45,2023-2024,2023-11-14,서울 삼성,안양 정관장,0,0.47596788203425405,train,0
S43G01N46,2023-2024,2023-11-16,원주 DB,울산 현대모비스,1,0.6944615236951258,train,1
S43G01N47,2023-2024,2023-11-16,대구 한국가스공사,서울 SK,0,0.4969427112300111,train,0
S43G01N48,2023-2024,2023-11-17,부산 KCC,고양 소노,1,0.5729992881200023,train,1
S43G01N49,2023-2024,2023-11-17,안양 정관장,창원 LG,0,0.6317577137035963,train,1
S43G01N50,2023-2024,2023-11-18,수원 KT,서울 SK,0,0.6052728097731525,train,1
S43G01N51,2023-2024,2023-11-18,울산 현대모비스,대구 한국가스공사,1,0.6637670959257611,train,1
S43G01N52,2023-2024,2023-11-18,원주 DB,서울 삼성,1,0.7602348478209825,train,1
S43G01N53,2023-2024,2023-11-19,창원 LG,대구 한국가스공사,1,0.7197841617714158,train,1
S43G01N54,2023-2024,2023-11-19,안양 정관장,부산 KCC,1,0.6416969916316416,train,1
S43G01N55,2023-2024,2023-11-19,고양 소노,원주 DB,0,0.4618708805909335,train,0
S43G01N56,2023-2024,2023-11-20,서울 SK,서울 삼성,1,0.7168479626461319,train,1
S43G01N57,2023-2024,2023-11-21,수원 KT,원주 DB,0,0.4886631136002253,train,0
S43G01N58,2023-2024,2023-11-21,대구 한국가스공사,안양 정관장,0,0.428324494466679,train,0
S43G01N59,2023-2024,2023-11-23,창원 LG,울산 현대모비스,1,0.6438868796025343,train,1
S43G01N60,2023-2024,2023-11-23,서울 삼성,대구 한국가스공사,1,0.6171938741309687,train,1
S43G01N61,2023-2024,2023-11-24,안양 정관장,수원 KT,0,0.6427171633159355,train,1
S43G01N62,2023-2024,2023-11-24,서울 SK,원주 DB,1,0.5042597027933949,train,1
S43G01N63,2023-2024,2023-11-25,창원 LG,고양 소노,1,0.6698030032046131,train,1
S43G01N64,2023-2024,2023-11-25,서울 삼성,울산 현대모비스,0,0.5244241412665545,train,1
S43G01N65,2023-2024,2023-11-25,부산 KCC,대구 한국가스공사,0,0.6983274672895371,train,1
S43G01N66,2023-2024,2023-11-26,수원 KT,서울 삼성,1,0.7128905686990251,train,1
S43G01N67,2023-2024,2023-11-26,안양 정관장,원주 DB,0,0.5095517016913079,train,1
S43G01N68,2023-2024,2023-11-26,고양 소노,서울 SK,1,0.48665792585747564,train,0
S43G01N69,2023-2024,2023-11-27,부산 KCC,울산 현대모비스,1,0.5573828185399525,train,1
S43G01N70,2023-2024,2023-11-28,수원 KT,창원 LG,1,0.5665107294415478,train,1
S43G01N71,2023-2024,2023-11-28,고양 소노,안양 정관장,1,0.5392590762545691,train,1
S43G01N72,2023-2024,2023-11-30,부산 KCC,수원 KT,0,0.5150948217107119,train,1
S43G01N73,2023-2024,2023-11-30,서울 SK,창원 LG,0,0.5946863548291306,train,1
S43G01N74,2023-2024,2023-12-01,안양 정관장,울산 현대모비스,0,0.6263478612138571,train,1
S43G01N75,2023-2024,2023-12-01,서울 삼성,고양 소노,0,0.49080966521281333,train,0
S43G01N76,2023-2024,2023-12-02,원주 DB,창원 LG,0,0.6627681524129869,train,1
S43G01N77,2023-2024,2023-12-02,서울 SK,부산 KCC,0,0.6670135505639277,train,1
S43G01N78,2023-2024,2023-12-02,대구 한국가스공사,수원 KT,0,0.41235384716862195,train,0
S43G01N79,2023-2024,2023-12-03,울산 현대모비스,고양 소노,0,0.5885766074660653,train,1
S43G01N80,2023-2024,2023-12-03,서울 SK,안양 정관장,1,0.6098322242905831,train,1
S43G01N81,2023-2024,2023-12-03,부산 KCC,서울 삼성,1,0.6869084927429807,train,1
S43G01N82,2023-2024,2023-12-04,원주 DB,대구 한국가스공사,1,0.8007721981410518,train,1
S43G01N84,2023-2024,2023-12-05,서울 삼성,창원 LG,0,0.37257404320117476,train,0
S43G01N83,2023-2024,2023-12-05,수원 KT,고양 소노,1,0.644981826063719,train,1
S43G01N85,2023-2024,2023-12-07,창원 LG,부산 KCC,1,0.6961004413127517,train,1
S43G01N86,2023-2024,2023-12-07,울산 현대모비스,서울 SK,0,0.5475712650250655,train,1
S43G01N87,2023-2024,2023-12-08,고양 소노,대구 한국가스공사,0,0.72246304630884,train,1
S43G01N88,2023-2024,2023-12-08,원주 DB,서울 삼성,1,0.815211796876494,train,1
S43G01N89,2023-2024,2023-12-09,울산 현대모비스,안양 정관장,1,0.5720199525139543,train,1
S43G01N90,2023-2024,2023-12-09,창원 LG,수원 KT,1,0.6120408165085593,train,1
S43G01N91,2023-2024,2023-12-10,고양 소노,대구 한국가스공사,0,0.687908391796324,train,1
S43G01N92,2023-2024,2023-12-10,원주 DB,안양 정관장,1,0.7339415278968306,train,1
S43G01N93,2023-2024,2023-12-11,울산 현대모비스,창원 LG,0,0.4547840577315633,train,0
S43G01N94,2023-2024,2023-12-12,수원 KT,서울 삼성,0,0.7833313266402008,train,1
S43G01N95,2023-2024,2023-12-12,원주 DB,서울 SK,1,0.6836838613389481,train,1
S43G01N96,2023-2024,2023-12-12,부산 KCC,대구 한국가스공사,1,0.6583821598680201,train,1
S43G01N97,2023-2024,2023-12-14,대구 한국가스공사,서울 SK,0,0.45400005553621703,train,0
S43G01N98,2023-2024,2023-12-15,수원 KT,고양 소노,1,0.6695884612136161,train,1
S43G01N99,2023-2024,2023-12-15,부산 KCC,원주 DB,1,0.42718240761216486,train,0
S43G01N100,2023-2024,2023-12-16,안양 정관장,서울 삼성,1,0.6825310585054969,train,1
S43G01N101,2023-2024,2023-12-16,대구 한국가스공사,창원 LG,1,0.3495590295256489,train,0
S43G01N102,2023-2024,2023-12-16,서울 SK,울산 현대모비스,1,0.6687414029072526,train,1
S43G01N103,2023-2024,2023-12-17,원주 DB,수원 KT,0,0.6612825559789717,train,1
S43G01N104,2023-2024,2023-12-17,창원 LG,서울 삼성,1,0.7990047893659691,train,1
S43G01N105,2023-2024,2023-12-17,부산 KCC,고양 소노,1,0.6321889794897121,train,1
S43G01N106,2023-2024,2023-12-18,안양 정관장,대구 한국가스공사,0,0.6632901169858061,train,1
S43G01N107,2023-2024,2023-12-19,수원 KT,서울 SK,0,0.6150338112617992,train,1
S43G01N108,2023-2024,2023-12-19,울산 현대모비스,부산 KCC,0,0.5373770752499614,train,1
S43G01N109,2023-2024,2023-12-21,대구 한국가스공사,원주 DB,0,0.398222183296825,train,0
S43G01N110,2023-2024,2023-12-21,고양 소노,서울 SK,0,0.467794713511804,train,0
S43G01N111,2023-2024,2023-12-22,울산 현대모비스,수원 KT,1,0.4710713036325938,train,0
S43G01N112,2023-2024,2023-12-22,안양 정관장,부산 KCC,0,0.5233574619393775,train,1
S43G01N113,2023-2024,2023-12-23,창원 LG,서울 SK,0,0.6204696445278742,train,1
S43G01N114,2023-2024,2023-12-23,고양 소노,원주 DB,0,0.4025561214949361,train,0
S43G01N115,2023-2024,2023-12-23,대구 한국가스공사,서울 삼성,1,0.6429898551514344,train,1
S43G01N116,2023-2024,2023-12-24,고양 소노,울산 현대모비스,0,0.5614826764102052,train,1
S43G01N117,2023-2024,2023-12-24,안양 정관장,수원 KT,0,0.4880630341542613,train,0
S43G01N118,2023-2024,2023-12-24,창원 LG,부산 KCC,0,0.6463131809386334,train,1
S43G01N119,2023-2024,2023-12-25,원주 DB,울산 현대모비스,1,0.7396646701168544,train,1
S43G01N120,2023-2024,2023-12-25,서울 SK,서울 삼성,1,0.8055783502126305,train,1
S43G01N121,2023-2024,2023-12-25,대구 한국가스공사,부산 KCC,0,0.450908007420779,train,0
S43G01N122,2023-2024,2023-12-26,창원 LG,안양 정관장,1,0.7282640412791467,train,1
S43G01N123,2023-2024,2023-12-28,대구 한국가스공사,수원 KT,0,0.43746824682698404,train,0
S43G01N124,2023-2024,2023-12-28,고양 소노,안양 정관장,1,0.580229777702241,train,1
S43G01N125,2023-2024,2023-12-28,울산 현대모비스,서울 삼성,1,0.7061815822929509,train,1
S43G01N126,2023-2024,2023-12-29,원주 DB,창원 LG,1,0.6469793076562222,train,1
S43G01N127,2023-2024,2023-12-30,고양 소노,서울 삼성,0,0.6754112912591682,train,1
S43G01N128,2023-2024,2023-12-30,안양 정관장,서울 SK,0,0.39188517994007377,train,0
S43G01N129,2023-2024,2023-12-30,수원 KT,부산 KCC,1,0.5927030228386633,train,1
S43G01N130,2023-2024,2023-12-31,안양 정관장,원주 DB,0,0.3394450953537612,train,0
S43G01N131,2023-2024,2023-12-31,창원 LG,고양 소노,1,0.7479378968816793,train,1
S43G01N132,2023-2024,2023-12-31,대구 한국가스공사,울산 현대모비스,0,0.5135235569818353,train,1
S43G01N133,2023-2024,2024-01-01,수원 KT,부산 KCC,1,0.6151315289155891,train,1
S43G01N134,2023-2024,2024-01-01,서울 삼성,서울 SK,0,0.32758167445181907,train,0
S43G01N135,2023-2024,2024-01-02,원주 DB,고양 소노,0,0.8128517732272533,train,1
S43G01N136,2023-2024,2024-01-02,안양 정관장,창원 LG,1,0.39628603938915147,train,0
S43G01N137,2023-2024,2024-01-03,부산 KCC,서울 SK,0,0.5124666515929943,train,1
S43G01N138,2023-2024,2024-01-04,대구 한국가스공사,안양 정관장,1,0.5665238024277893,train,1
S43G01N139,2023-2024,2024-01-04,서울 삼성,수원 KT,0,0.34216474158879295,train,0
S43G01N140,2023-2024,2024-01-05,서울 SK,고양 소노,1,0.7852555615115299,train,1
S43G01N141,2023-2024,2024-01-06,창원 LG,대구 한국가스공사,0,0.7477930322914135,train,1
S43G01N142,2023-2024,2024-01-06,울산 현대모비스,수원 KT,1,0.47412698107835755,train,0
S43G01N143,2023-2024,2024-01-06,서울 삼성,원주 DB,0,0.29361604226205557,train,0
S43G01N144,2023-2024,2024-01-07,서울 SK,안양 정관장,1,0.8051640457211847,train,1
S43G01N145,2023-2024,2024-01-07,부산 KCC,고양 소노,1,0.7066130845538984,train,1
S43G01N146,2023-2024,2024-01-07,창원 LG,울산 현대모비스,1,0.6345623658477644,train,1
S43G01N147,2023-2024,2024-01-08,원주 DB,수원 KT,1,0.6488423921166997,train,1
S43G01N148,2023-2024,2024-01-08,대구 한국가스공사,서울 삼성,1,0.6757987053955875,train,1
S43G01N149,2023-2024,2024-01-09,창원 LG,서울 SK,0,0.4922581888236975,train,0
S43G01N150,2023-2024,2024-01-09,부산 KCC,울산 현대모비스,1,0.6423215538504726,train,1
S43G01N151,2023-2024,2024-01-11,부산 KCC,서울 SK,1,0.47577044338591457,train,0
S43G01N152,2023-2024,2024-01-17,부산 KCC,원주 DB,0,0.5020085985497598,train,1
S43G01N153,2023-2024,2024-01-17,고양 소노,안양 정관장,1,0.607235091828972,train,1
S43G01N154,2023-2024,2024-01-18,대구 한국가스공사,수원 KT,1,0.4334976542144645,train,0
S43G01N155,2023-2024,2024-01-18,서울 SK,울산 현대모비스,0,0.7462333627114816,train,1
S43G01N156,2023-2024,2024-01-19,부산 KCC,창원 LG,0,0.6044520960739271,train,1
S43G01N157,2023-2024,2024-01-19,안양 정관장,서울 삼성,1,0.651306967498299,train,1
S43G01N158,2023-2024,2024-01-20,울산 현대모비스,대구 한국가스공사,1,0.65410577449786,train,1
S43G01N159,2023-2024,2024-01-20,서울 SK,원주 DB,1,0.5534898371194532,train,1
S43G01N160,2023-2024,2024-01-20,고양 소노,수원 KT,0,0.4415698443821815,train,0
S43G01N161,2023-2024,2024-01-21,원주 DB,창원 LG,1,0.6867097010669463,train,1
S43G01N162,2023-2024,2024-01-21,서울 삼성,부산 KCC,0,0.361266753685971,train,0
S43G01N163,2023-2024,2024-01-21,안양 정관장,울산 현대모비스,1,0.4655331658941814,train,0
S43G01N164,2023-2024,2024-01-22,서울 SK,대구 한국가스공사,0,0.7791967580699304,train,1
S43G01N165,2023-2024,2024-01-23,원주 DB,울산 현대모비스,0,0.7450831221345698,train,1
S43G01N166,2023-2024,2024-01-23,고양 소노,서울 삼성,1,0.6916108094303204,train,1
S43G01N167,2023-2024,2024-01-25,수원 KT,서울 SK,1,0.544640811263355,train,1
S43G01N168,2023-2024,2024-01-25,대구 한국가스공사,부산 KCC,1,0.49470009240796015,train,0
S43G01N169,2023-2024,2024-01-26,창원 LG,서울 삼성,1,0.8097733843089113,train,1
S43G01N170,2023-2024,2024-01-26,울산 현대모비스,고양 소노,1,0.6929995590269411,train,1
S43G01N171,2023-2024,2024-01-27,수원 KT,안양 정관장,1,0.7570715671175998,train,1
S43G01N172,2023-2024,2024-01-27,대구 한국가스공사,원주 DB,1,0.40814663672196516,train,0
S43G01N173,2023-2024,2024-01-27,서울 SK,부산 KCC,0,0.6664014730727503,train,1
S43G01N174,2023-2024,2024-01-28,수원 KT,창원 LG,0,0.6313303913941913,train,1
S43G01N175,2023-2024,2024-01-28,울산 현대모비스,서울 삼성,1,0.7983358219256038,train,1
S43G01N176,2023-2024,2024-01-28,고양 소노,대구 한국가스공사,1,0.5124103562401842,train,1
S43G01N177,2023-2024,2024-01-29,부산 KCC,안양 정관장,1,0.7337782332002648,train,1
S43G01N178,2023-2024,2024-01-30,고양 소노,창원 LG,0,0.4330317141242289,train,0
S43G01N179,2023-2024,2024-01-30,서울 삼성,원주 DB,0,0.2546156405409807,train,0
S43G01N180,2023-2024,2024-02-01,수원 KT,대구 한국가스공사,1,0.6950794586110122,train,1
S43G01N181,2023-2024,2024-02-01,고양 소노,창원 LG,0,0.40873394808929137,train,0
S43G01N182,2023-2024,2024-02-02,울산 현대모비스,원주 DB,0,0.4861864479696241,train,0
S43G01N183,2023-2024,2024-02-02,부산 KCC,안양 정관장,1,0.7455801915992858,train,1
S43G01N184,2023-2024,2024-02-03,서울 SK,수원 KT,0,0.5980480850277614,train,1
S43G01N185,2023-2024,2024-02-03,대구 한국가스공사,고양 소노,1,0.6566100087909575,train,1
S43G01N186,2023-2024,2024-02-03,서울 삼성,창원 LG,1,0.2756531243314484,train,0
S43G01N187,2023-2024,2024-02-04,안양 정관장,원주 DB,0,0.324605641174311,train,0
S43G01N188,2023-2024,2024-02-04,울산 현대모비스,서울 SK,1,0.5360633310511831,train,1
S43G01N189,2023-2024,2024-02-04,서울 삼성,부산 KCC,1,0.31906184611592503,train,0
S43G01N190,2023-2024,2024-02-05,고양 소노,수원 KT,0,0.37091679310251874,train,0
S43G01N191,2023-2024,2024-02-06,창원 LG,원주 DB,0,0.5076957610213776,train,1
S43G01N192,2023-2024,2024-02-06,대구 한국가스공사,서울 삼성,1,0.7366791620727119,train,1
S43G01N193,2023-2024,2024-02-08,부산 KCC,창원 LG,1,0.577610345816747,train,1
S43G01N194,2023-2024,2024-02-08,대구 한국가스공사,울산 현대모비스,0,0.5364209234079492,train,1
S43G01N195,2023-2024,2024-02-09,수원 KT,원주 DB,1,0.5309272572501706,train,1
S43G01N196,2023-2024,2024-02-09,고양 소노,서울 삼성,0,0.6599945621370537,train,1
S43G01N197,2023-2024,2024-02-10,서울 SK,안양 정관장,1,0.7601065410201333,train,1
S43G01N198,2023-2024,2024-02-10,대구 한국가스공사,창원 LG,0,0.5023257938178788,train,1
S43G01N199,2023-2024,2024-02-10,울산 현대모비스,부산 KCC,1,0.5805390485391059,train,1
S43G01N200,2023-2024,2024-02-11,서울 삼성,서울 SK,0,0.34439405626941266,train,0
S43G01N201,2023-2024,2024-02-11,안양 정관장,수원 KT,0,0.3324334487131299,train,0
S43G01N202,2023-2024,2024-02-11,원주 DB,고양 소노,1,0.8367600679688733,train,1
S43G01N203,2023-2024,2024-02-12,창원 LG,울산 현대모비스,0,0.5979266854488531,train,1
S43G01N204,2023-2024,2024-02-12,부산 KCC,대구 한국가스공사,1,0.686678648204335,train,1
S43G01N205,2023-2024,2024-02-13,원주 DB,서울 SK,1,0.6753859145587319,train,1
S43G01N206,2023-2024,2024-02-13,서울 삼성,안양 정관장,1,0.5471546285118001,train,1
S43G01N207,2023-2024,2024-02-14,수원 KT,울산 현대모비스,1,0.6504576863382351,train,1
S43G01N208,2023-2024,2024-02-14,고양 소노,부산 KCC,1,0.38374117264793917,train,0
S43G01N209,2023-2024,2024-02-15,안양 정관장,대구 한국가스공사,0,0.49594510712667295,train,0
S43G01N210,2023-2024,2024-02-15,서울 SK,창원 LG,0,0.6137331577726044,train,1
S43G01N211,2023-2024,2024-02-28,울산 현대모비스,안양 정관장,1,0.7931789013597493,train,1
S43G01N212,2023-2024,2024-02-28,서울 SK,고양 소노,1,0.756658439841774,train,1
S43G01N213,2023-2024,2024-02-29,부산 KCC,원주 DB,0,0.4541252105198592,train,0
S43G01N214,2023-2024,2024-02-29,서울 삼성,수원 KT,0,0.2795205291878784,train,0
S43G01N215,2023-2024,2024-03-01,서울 SK,대구 한국가스공사,0,0.6923345561670126,train,1
S43G01N216,2023-2024,2024-03-01,울산 현대모비스,고양 소노,0,0.7760581857152191,train,1
S43G01N217,2023-2024,2024-03-01,창원 LG,안양 정관장,1,0.7963916669814329,train,1
S43G01N218,2023-2024,2024-03-02,부산 KCC,수원 KT,1,0.46293439061910063,train,0
S43G01N219,2023-2024,2024-03-02,원주 DB,대구 한국가스공사,1,0.7789394480063572,train,1
S43G01N220,2023-2024,2024-03-02,서울 삼성,울산 현대모비스,1,0.3575256715462309,train,0
S43G01N221,2023-2024,2024-03-03,수원 KT,창원 LG,0,0.6575865274679483,train,1
S43G01N222,2023-2024,2024-03-03,안양 정관장,고양 소노,1,0.5280719702405843,train,1
S43G01N223,2023-2024,2024-03-03,서울 SK,부산 KCC,1,0.5907906419048365,train,1
S43G01N224,2023-2024,2024-03-04,서울 삼성,대구 한국가스공사,0,0.45846930768047855,train,0
S43G01N225,2023-2024,2024-03-05,고양 소노,부산 KCC,0,0.42868011905312464,train,0
S43G01N226,2023-2024,2024-03-05,서울 SK,울산 현대모비스,1,0.6112393592278494,train,1
S43G01N227,2023-2024,2024-03-07,창원 LG,대구 한국가스공사,1,0.6958481165139075,train,1
S43G01N228,2023-2024,2024-03-07,서울 삼성,원주 DB,0,0.2394827728846626,train,0
S43G01N229,2023-2024,2024-03-07,수원 KT,부산 KCC,0,0.6671364725892848,train,1
S43G01N230,2023-2024,2024-03-09,수원 KT,울산 현대모비스,1,0.6689926574797523,train,1
S43G01N231,2023-2024,2024-03-09,원주 DB,부산 KCC,1,0.7209270002222361,train,1
S43G01N232,2023-2024,2024-03-09,서울 삼성,고양 소노,1,0.5501202832965635,train,1
S43G01N233,2023-2024,2024-03-11,창원 LG,수원 KT,1,0.5795466824806866,train,1
S43G01N234,2023-2024,2024-03-13,안양 정관장,고양 소노,0,0.5798650587406369,train,1
S43G01N235,2023-2024,2024-03-13,서울 SK,대구 한국가스공사,1,0.6794388504319071,train,1
S43G01N236,2023-2024,2024-03-14,원주 DB,수원 KT,1,0.6950876676305516,train,1
S43G01N237,2023-2024,2024-03-14,안양 정관장,서울 삼성,0,0.5805142477326943,train,1
S43G01N238,2023-2024,2024-03-15,대구 한국가스공사,부산 KCC,1,0.49956382828479867,train,0
S43G01N239,2023-2024,2024-03-15,고양 소노,창원 LG,0,0.34332240009527554,train,0
S43G01N240,2023-2024,2024-03-16,수원 KT,서울 삼성,1,0.8002013746561901,train,1
S43G01N241,2023-2024,2024-03-16,울산 현대모비스,원주 DB,1,0.38507763013557583,train,0
S43G01N242,2023-2024,2024-03-16,안양 정관장,서울 SK,1,0.32237408246227306,train,0
S43G01N243,2023-2024,2024-03-17,대구 한국가스공사,고양 소노,0,0.7079037032616595,train,1
S43G01N244,2023-2024,2024-03-17,부산 KCC,수원 KT,1,0.5347805268376977,train,1
S43G01N245,2023-2024,2024-03-17,창원 LG,원주 DB,1,0.5107732798624662,train,1
S43G01N246,2023-2024,2024-03-18,서울 삼성,울산 현대모비스,1,0.39871010008064767,train,0
S43G01N247,2023-2024,2024-03-19,창원 LG,안양 정관장,1,0.841175864347434,train,1
S43G01N248,2023-2024,2024-03-19,서울 SK,고양 소노,0,0.7537903267250514,train,1
S43G01N249,2023-2024,2024-03-20,부산 KCC,서울 삼성,1,0.7654993758916291,train,1
S43G01N250,2023-2024,2024-03-21,안양 정관장,대구 한국가스공사,1,0.4480798593755069,train,0
S43G01N251,2023-2024,2024-03-21,서울 SK,원주 DB,0,0.4346646343254642,train,0
S43G01N252,2023-2024,2024-03-22,부산 KCC,창원 LG,0,0.5125253898449128,train,1
S43G01N253,2023-2024,2024-03-22,고양 소노,울산 현대모비스,1,0.46990976157700065,train,0
S43G01N254,2023-2024,2024-03-23,수원 KT,대구 한국가스공사,1,0.7233540541999082,train,1
S43G01N255,2023-2024,2024-03-23,원주 DB,안양 정관장,0,0.8687795484804169,train,1
S43G01N256,2023-2024,2024-03-23,서울 SK,서울 삼성,1,0.7453954411462499,train,1
S43G01N257,2023-2024,2024-03-24,울산 현대모비스,창원 LG,0,0.43554540016644117,train,0
S43G01N258,2023-2024,2024-03-24,원주 DB,고양 소노,1,0.8132655769556572,train,1
S43G01N259,2023-2024,2024-03-24,서울 삼성,부산 KCC,1,0.38721559785888066,train,0
S43G01N260,2023-2024,2024-03-25,서울 SK,수원 KT,0,0.5269901222429765,train,1
S43G01N261,2023-2024,2024-03-26,부산 KCC,안양 정관장,1,0.7477023872799096,train,1
S43G01N262,2023-2024,2024-03-26,대구 한국가스공사,울산 현대모비스,1,0.5390563811697617,train,1
S43G01N263,2023-2024,2024-03-28,수원 KT,안양 정관장,0,0.8081796107327313,train,1
S43G01N264,2023-2024,2024-03-28,서울 SK,창원 LG,1,0.43702106303998406,train,0
S43G01N265,2023-2024,2024-03-29,부산 KCC,울산 현대모비스,1,0.6518632054095578,train,1
S43G01N266,2023-2024,2024-03-31,울산 현대모비스,안양 정관장,1,0.6809832910567717,train,1
S43G01N267,2023-2024,2024-03-31,부산 KCC,서울 SK,1,0.6090089758680483,train,1
S43G01N268,2023-2024,2024-03-31,원주 DB,대구 한국가스공사,1,0.791658508911821,train,1
S43G01N269,2023-2024,2024-03-31,고양 소노,수원 KT,1,0.4084214467470272,train,0
S43G01N270,2023-2024,2024-03-31,창원 LG,서울 삼성,1,0.8269583921024963,train,1
S45G01N1,2024-2025,2024-10-19,부산 KCC,수원 KT,1,0.584992731629634,train,1
S45G01N2,2024-2025,2024-10-19,원주 DB,서울 삼성,1,0.7788543717908989,train,1
S45G01N3,2024-2025,2024-10-19,창원 LG,대구 한국가스공사,1,0.7199997372815135,train,1
S45G01N4,2024-2025,2024-10-20,수원 KT,서울 삼성,1,0.7149863082514422,train,1
S45G01N5,2024-2025,2024-10-20,서울 SK,안양 정관장,1,0.6878804309824246,train,1
S45G01N6,2024-2025,2024-10-20,울산 현대모비스,고양 소노,0,0.6264013438271325,train,1
S45G01N7,2024-2025,2024-10-21,창원 LG,부산 KCC,1,0.6504575480399851,train,1
S45G01N8,2024-2025,2024-10-22,서울 SK,원주 DB,1,0.4833723963767135,train,0
S45G01N9,2024-2025,2024-10-23,부산 KCC,고양 소노,0,0.6624463267073205,train,1
S45G01N10,2024-2025,2024-10-24,원주 DB,대구 한국가스공사,0,0.7365430547089822,train,1
S45G01N11,2024-2025,2024-10-24,창원 LG,안양 정관장,1,0.7797861372795074,train,1
S45G01N12,2024-2025,2024-10-25,부산 KCC,울산 현대모비스,0,0.6455517891347883,train,1
S45G01N13,2024-2025,2024-10-25,수원 KT,서울 SK,1,0.5982100308306636,train,1
S45G01N14,2024-2025,2024-10-26,대구 한국가스공사,서울 삼성,1,0.6713170173485407,train,1
S45G01N15,2024-2025,2024-10-26,고양 소노,창원 LG,1,0.44959009323412236,train,0
S45G01N16,2024-2025,2024-10-26,안양 정관장,원주 DB,1,0.39280464026639034,train,0
S45G01N17,2024-2025,2024-10-27,서울 삼성,서울 SK,0,0.44898965337557345,train,0
S45G01N18,2024-2025,2024-10-27,수원 KT,울산 현대모비스,0,0.6583859545679124,train,1
S45G01N19,2024-2025,2024-10-27,원주 DB,부산 KCC,0,0.6629177164122402,train,1
S45G01N20,2024-2025,2024-10-28,고양 소노,안양 정관장,1,0.6752641513064531,train,1
S45G01N21,2024-2025,2024-10-29,서울 삼성,부산 KCC,0,0.4393219398037926,train,0
S45G01N22,2024-2025,2024-10-30,안양 정관장,대구 한국가스공사,0,0.5108614115982046,train,1
S45G01N23,2024-2025,2024-10-31,고양 소노,수원 KT,0,0.5676635927673164,train,1
S45G01N24,2024-2025,2024-10-31,서울 삼성,울산 현대모비스,0,0.44590206001023136,train,0
S45G01N25,2024-2025,2024-11-01,부산 KCC,대구 한국가스공사,0,0.6263679894381264,train,1
S45G01N26,2024-2025,2024-11-01,창원 LG,서울 SK,0,0.6623010718685939,train,1
S45G01N27,2024-2025,2024-11-02,수원 KT,원주 DB,1,0.5849441077018752,train,1
S45G01N28,2024-2025,2024-11-02,울산 현대모비스,안양 정관장,0,0.7085848527023817,train,1
S45G01N29,2024-2025,2024-11-02,서울 삼성,고양 소노,1,0.4423279726304293,train,0
S45G01N30,2024-2025,2024-11-03,창원 LG,울산 현대모비스,0,0.683311425855097,train,1
S45G01N31,2024-2025,2024-11-03,대구 한국가스공사,서울 SK,1,0.5532701391729871,train,1
S45G01N32,2024-2025,2024-11-03,부산 KCC,안양 정관장,1,0.6923912097598981,train,1
S45G01N33,2024-2025,2024-11-04,원주 DB,고양 소노,0,0.6579587317738795,train,1
S45G01N34,2024-2025,2024-11-05,대구 한국가스공사,수원 KT,1,0.5596071544993976,train,1
S45G01N35,2024-2025,2024-11-06,울산 현대모비스,서울 SK,0,0.5637275351472746,train,1
S45G01N36,2024-2025,2024-11-07,서울 삼성,창원 LG,1,0.3798171750551735,train,0
S45G01N37,2024-2025,2024-11-07,안양 정관장,수원 KT,1,0.44140578570572164,train,0
S45G01N38,2024-2025,2024-11-08,울산 현대모비스,원주 DB,1,0.5632759782256402,train,1
S45G01N39,2024-2025,2024-11-08,대구 한국가스공사,고양 소노,1,0.63623584526997,train,1
S45G01N40,2024-2025,2024-11-09,수원 KT,창원 LG,1,0.5715282050794774,train,1
S45G01N41,2024-2025,2024-11-09,서울 SK,부산 KCC,1,0.6257982428152544,train,1
S45G01N42,2024-2025,2024-11-09,안양 정관장,서울 삼성,1,0.629196939650201,train,1
S45G01N43,2024-2025,2024-11-10,원주 DB,창원 LG,1,0.5651028058244117,train,1
S45G01N44,2024-2025,2024-11-10,대구 한국가스공사,울산 현대모비스,0,0.6322369681528365,train,1
S45G01N45,2024-2025,2024-11-10,서울 SK,고양 소노,1,0.671645952379339,train,1
S45G01N46,2024-2025,2024-11-11,수원 KT,안양 정관장,1,0.7030401665083154,train,1
S45G01N47,2024-2025,2024-11-12,원주 DB,서울 SK,0,0.5411834374128872,train,1
S45G01N48,2024-2025,2024-11-13,고양 소노,울산 현대모비스,0,0.5405557192906412,train,1
S45G01N49,2024-2025,2024-11-14,대구 한국가스공사,원주 DB,0,0.6135195253413213,train,1
S45G01N50,2024-2025,2024-11-14,창원 LG,수원 KT,0,0.5688924493006494,train,1
S45G01N51,2024-2025,2024-11-27,부산 KCC,울산 현대모비스,1,0.5630112795172342,train,1
S45G01N52,2024-2025,2024-11-27,창원 LG,서울 SK,0,0.5123572063014389,train,1
S45G01N53,2024-2025,2024-11-28,서울 삼성,수원 KT,0,0.38861312931957687,train,0
S45G01N54,2024-2025,2024-11-28,원주 DB,고양 소노,1,0.6576287136333739,train,1
S45G01N55,2024-2025,2024-11-29,서울 SK,대구 한국가스공사,1,0.6790708586051523,train,1
S45G01N56,2024-2025,2024-11-29,안양 정관장,부산 KCC,1,0.48294954748750085,train,0
S45G01N57,2024-2025,2024-11-30,수원 KT,울산 현대모비스,0,0.6405784814767093,train,1
S45G01N58,2024-2025,2024-11-30,고양 소노,창원 LG,0,0.5440992767769699,train,1
S45G01N59,2024-2025,2024-11-30,서울 삼성,원주 DB,0,0.4082594086803454,train,0
S45G01N60,2024-2025,2024-12-01,서울 SK,수원 KT,1,0.6447445032603636,train,1
S45G01N61,2024-2025,2024-12-01,고양 소노,부산 KCC,0,0.5165062605481835,train,1
S45G01N62,2024-2025,2024-12-01,대구 한국가스공사,안양 정관장,1,0.663687295549071,train,1
S45G01N63,2024-2025,2024-12-02,서울 삼성,울산 현대모비스,0,0.38706333021095923,train,0
S45G01N64,2024-2025,2024-12-03,대구 한국가스공사,고양 소노,1,0.6819466022517278,train,1
S45G01N65,2024-2025,2024-12-04,원주 DB,안양 정관장,1,0.7099547822166009,train,1
S45G01N66,2024-2025,2024-12-05,울산 현대모비스,창원 LG,1,0.6359180893086438,train,1
S45G01N67,2024-2025,2024-12-05,대구 한국가스공사,서울 삼성,0,0.7607388702500563,train,1
S45G01N68,2024-2025,2024-12-06,안양 정관장,서울 SK,0,0.3790285249423282,train,0
S45G01N69,2024-2025,2024-12-06,고양 소노,수원 KT,0,0.45046939067669806,train,0
S45G01N70,2024-2025,2024-12-07,울산 현대모비스,대구 한국가스공사,1,0.6556736591308567,train,1
S45G01N71,2024-2025,2024-12-07,서울 삼성,부산 KCC,0,0.42002204261809045,train,0
S45G01N72,2024-2025,2024-12-07,창원 LG,원주 DB,1,0.5385247237536206,train,1
S45G01N73,2024-2025,2024-12-08,수원 KT,부산 KCC,1,0.6193880531719109,train,1
S45G01N74,2024-2025,2024-12-08,고양 소노,서울 SK,0,0.3548194282452338,train,0
S45G01N75,2024-2025,2024-12-08,울산 현대모비스,안양 정관장,0,0.7489119520701693,train,1
S45G01N76,2024-2025,2024-12-09,대구 한국가스공사,창원 LG,1,0.5692640840314209,train,1
S45G01N77,2024-2025,2024-12-10,부산 KCC,서울 SK,1,0.4703588927613341,train,0
S45G01N78,2024-2025,2024-12-11,안양 정관장,서울 삼성,0,0.6697476877905928,train,1
S45G01N79,2024-2025,2024-12-12,대구 한국가스공사,부산 KCC,0,0.5570378481948404,train,1
S45G01N80,2024-2025,2024-12-12,울산 현대모비스,원주 DB,1,0.6054696495877412,train,1
S45G01N81,2024-2025,2024-12-13,고양 소노,서울 삼성,0,0.6191381656240115,train,1
S45G01N82,2024-2025,2024-12-13,안양 정관장,창원 LG,0,0.4920240091991732,train,0
S45G01N83,2024-2025,2024-12-14,부산 KCC,원주 DB,0,0.6152672028716438,train,1
S45G01N84,2024-2025,2024-12-14,수원 KT,대구 한국가스공사,0,0.6732158536826561,train,1
S45G01N85,2024-2025,2024-12-14,서울 SK,울산 현대모비스,0,0.6527871894564933,train,1
S45G01N86,2024-2025,2024-12-15,부산 KCC,창원 LG,0,0.6129432042319499,train,1
S45G01N87,2024-2025,2024-12-15,안양 정관장,고양 소노,1,0.6120035414759823,train,1
S45G01N88,2024-2025,2024-12-15,서울 SK,서울 삼성,0,0.7912159175063772,train,1
S45G01N89,2024-2025,2024-12-16,원주 DB,수원 KT,1,0.5870691573113361,train,1
S45G01N90,2024-2025,2024-12-17,창원 LG,서울 삼성,1,0.7158049248465448,train,1
S45G01N91,2024-2025,2024-12-18,고양 소노,수원 KT,1,0.40659203415607825,train,0
S45G01N92,2024-2025,2024-12-19,울산 현대모비스,서울 삼성,1,0.7626138971061502,train,1
S45G01N93,2024-2025,2024-12-19,원주 DB,안양 정관장,1,0.7365811329386104,train,1
S45G01N94,2024-2025,2024-12-20,창원 LG,부산 KCC,1,0.6136056250732653,train,1
S45G01N95,2024-2025,2024-12-20,수원 KT,대구 한국가스공사,1,0.6110893232751599,train,1
S45G01N96,2024-2025,2024-12-21,고양 소노,서울 삼성,1,0.5832029877816497,train,1
S45G01N97,2024-2025,2024-12-21,안양 정관장,서울 SK,0,0.3946604315284886,train,0
S45G01N98,2024-2025,2024-12-21,원주 DB,울산 현대모비스,1,0.5684195178680006,train,1
S45G01N100,2024-2025,2024-12-22,안양 정관장,창원 LG,0,0.4196851585813056,train,0
S45G01N99,2024-2025,2024-12-22,부산 KCC,대구 한국가스공사,0,0.6055951835453048,train,1
S45G01N101,2024-2025,2024-12-22,원주 DB,수원 KT,0,0.6342519855201826,train,1
S45G01N102,2024-2025,2024-12-24,수원 KT,울산 현대모비스,1,0.5674537817112464,train,1
S45G01N103,2024-2025,2024-12-25,부산 KCC,안양 정관장,1,0.7055166826078656,train,1
S45G01N104,2024-2025,2024-12-25,고양 소노,원주 DB,1,0.4154367192631213,train,0
S45G01N105,2024-2025,2024-12-25,서울 SK,서울 삼성,1,0.7864331500084183,train,1
S45G01N106,2024-2025,2024-12-26,대구 한국가스공사,창원 LG,0,0.5408128776653702,train,1
S45G01N107,2024-2025,2024-12-27,부산 KCC,울산 현대모비스,0,0.5249343703966729,train,1
S45G01N108,2024-2025,2024-12-27,원주 DB,서울 SK,1,0.5315420537233267,train,1
S45G01N109,2024-2025,2024-12-28,창원 LG,수원 KT,1,0.6050654745908659,train,1
S45G01N110,2024-2025,2024-12-28,대구 한국가스공사,고양 소노,1,0.6812340619603499,train,1
S45G01N111,2024-2025,2024-12-28,안양 정관장,서울 삼성,0,0.5873730178120653,train,1
S45G01N112,2024-2025,2024-12-29,창원 LG,원주 DB,1,0.623624549586141,train,1
S45G01N113,2024-2025,2024-12-29,울산 현대모비스,고양 소노,1,0.7581054593228931,train,1
S45G01N114,2024-2025,2024-12-29,부산 KCC,서울 SK,0,0.48385460130497865,train,0
S45G01N115,2024-2025,2024-12-31,울산 현대모비스,대구 한국가스공사,1,0.6707308523716182,validation,1
S45G01N116,2024-2025,2025-01-01,수원 KT,부산 KCC,1,0.6717454206038322,validation,1
S45G01N117,2024-2025,2025-01-01,창원 LG,서울 SK,0,0.5872526948876604,validation,1
S45G01N118,2024-2025,2025-01-01,안양 정관장,고양 소노,0,0.5499368640922082,validation,1
S45G01N119,2024-2025,2025-01-02,서울 삼성,원주 DB,0,0.4256707375493305,validation,0
S45G01N120,2024-2025,2025-01-03,수원 KT,안양 정관장,1,0.7918352408191656,validation,1
S45G01N121,2024-2025,2025-01-03,서울 SK,고양 소노,1,0.7813798234017629,validation,1
S45G01N122,2024-2025,2025-01-04,울산 현대모비스,창원 LG,1,0.6058327289375958,validation,1
S45G01N123,2024-2025,2025-01-04,서울 삼성,대구 한국가스공사,0,0.46483119595438216,validation,0
S45G01N124,2024-2025,2025-01-04,부산 KCC,원주 DB,0,0.4940479705585349,validation,0
S45G01N125,2024-2025,2025-01-05,창원 LG,고양 소노,1,0.749649632789904,validation,1
S45G01N126,2024-2025,2025-01-05,서울 SK,수원 KT,1,0.6487292020368437,validation,1
S45G01N127,2024-2025,2025-01-05,안양 정관장,대구 한국가스공사,0,0.4039586043885555,validation,0
S45G01N128,2024-2025,2025-01-06,서울 삼성,부산 KCC,1,0.5009479956412984,validation,1
S45G01N129,2024-2025,2025-01-07,서울 SK,대구 한국가스공사,1,0.701407516250178,validation,1
S45G01N130,2024-2025,2025-01-08,울산 현대모비스,안양 정관장,1,0.8304541360269653,validation,1
S45G01N131,2024-2025,2025-01-09,서울 삼성,창원 LG,1,0.3827501491238375,validation,0
S45G01N132,2024-2025,2025-01-09,고양 소노,부산 KCC,0,0.5474925773281923,validation,1
S45G01N133,2024-2025,2025-01-10,서울 SK,울산 현대모비스,1,0.6248931897973886,validation,1
S45G01N134,2024-2025,2025-01-10,대구 한국가스공사,원주 DB,1,0.5315315887492545,validation,1
S45G01N135,2024-2025,2025-01-11,수원 KT,서울 삼성,0,0.7453447416600874,validation,1
S45G01N136,2024-2025,2025-01-11,안양 정관장,창원 LG,0,0.3381903554560675,validation,0
S45G01N137,2024-2025,2025-01-11,고양 소노,부산 KCC,0,0.5161143954063461,validation,1
S45G01N138,2024-2025,2025-01-12,원주 DB,울산 현대모비스,0,0.5495628712024913,validation,1
S45G01N139,2024-2025,2025-01-12,안양 정관장,대구 한국가스공사,1,0.3635415365010174,validation,0
S45G01N140,2024-2025,2025-01-12,고양 소노,서울 SK,0,0.3004820443979211,validation,0
S45G01N141,2024-2025,2025-01-13,부산 KCC,서울 삼성,0,0.6445608066391536,validation,1
S45G01N142,2024-2025,2025-01-13,수원 KT,창원 LG,0,0.5595300603227544,validation,1
S45G01N143,2024-2025,2025-01-14,원주 DB,대구 한국가스공사,1,0.6281250401557659,validation,1
S45G01N144,2024-2025,2025-01-14,서울 SK,안양 정관장,1,0.8590629798148018,validation,1
S45G01N145,2024-2025,2025-01-15,창원 LG,서울 삼성,1,0.7364192233427105,validation,1
S45G01N146,2024-2025,2025-01-15,고양 소노,울산 현대모비스,1,0.32732755904760724,validation,0
S45G01N147,2024-2025,2025-01-16,서울 SK,원주 DB,1,0.6991564530880094,validation,1
S45G01N148,2024-2025,2025-01-16,대구 한국가스공사,수원 KT,1,0.5666509664737606,validation,1
S45G01N149,2024-2025,2025-01-22,수원 KT,서울 삼성,1,0.6779011081949428,validation,1
S45G01N150,2024-2025,2025-01-22,안양 정관장,원주 DB,0,0.35711892609589146,validation,0
S45G01N151,2024-2025,2025-01-23,울산 현대모비스,서울 SK,0,0.5129893366529483,validation,1
S45G01N152,2024-2025,2025-01-23,창원 LG,고양 소노,1,0.7852669910597002,validation,1
S45G01N153,2024-2025,2025-01-24,수원 KT,안양 정관장,0,0.7806579631295423,validation,1
S45G01N154,2024-2025,2025-01-24,원주 DB,서울 삼성,1,0.7245739703441662,validation,1
S45G01N155,2024-2025,2025-01-25,부산 KCC,서울 SK,1,0.3463329352530902,validation,0
S45G01N156,2024-2025,2025-01-25,창원 LG,울산 현대모비스,1,0.6084572209206275,validation,1
S45G01N157,2024-2025,2025-01-25,고양 소노,대구 한국가스공사,0,0.4445208990009288,validation,0
S45G01N158,2024-2025,2025-01-26,울산 현대모비스,수원 KT,0,0.6646162721117314,validation,1
S45G01N159,2024-2025,2025-01-26,서울 삼성,안양 정관장,0,0.6690252875784093,validation,1
S45G01N160,2024-2025,2025-01-26,부산 KCC,원주 DB,1,0.4911709572259913,validation,0
S45G01N161,2024-2025,2025-01-28,대구 한국가스공사,부산 KCC,0,0.6346736766657892,validation,1
S45G01N162,2024-2025,2025-01-28,고양 소노,안양 정관장,0,0.6013640139128317,validation,1
S45G01N163,2024-2025,2025-01-29,서울 삼성,서울 SK,0,0.308160440751407,validation,0
S45G01N164,2024-2025,2025-01-29,원주 DB,수원 KT,0,0.6247160528913787,validation,1
S45G01N165,2024-2025,2025-01-30,창원 LG,대구 한국가스공사,1,0.6933948034198877,validation,1
S45G01N166,2024-2025,2025-01-30,울산 현대모비스,부산 KCC,1,0.6490155894293801,validation,1
S45G01N167,2024-2025,2025-01-31,수원 KT,고양 소노,1,0.7673521798143016,validation,1
S45G01N168,2024-2025,2025-02-01,원주 DB,창원 LG,0,0.5030815903332376,validation,1
S45G01N169,2024-2025,2025-02-01,대구 한국가스공사,서울 SK,0,0.40328377506438756,validation,0
S45G01N170,2024-2025,2025-02-01,안양 정관장,울산 현대모비스,1,0.38489823703503234,validation,0
S45G01N171,2024-2025,2025-02-02,부산 KCC,수원 KT,0,0.5377380605420872,validation,1
S45G01N172,2024-2025,2025-02-02,대구 한국가스공사,서울 삼성,1,0.6933077548511477,validation,1
S45G01N173,2024-2025,2025-02-02,고양 소노,원주 DB,1,0.3999812836105322,validation,0
S45G01N174,2024-2025,2025-02-03,서울 SK,창원 LG,1,0.6493503216811742,validation,1
S45G01N175,2024-2025,2025-02-04,부산 KCC,안양 정관장,0,0.6820180079033376,validation,1
S45G01N176,2024-2025,2025-02-05,서울 삼성,울산 현대모비스,0,0.41036574460635894,validation,0
S45G01N177,2024-2025,2025-02-06,창원 LG,부산 KCC,1,0.7468224200364569,validation,1
S45G01N178,2024-2025,2025-02-06,서울 SK,수원 KT,1,0.7269537747130755,validation,1
S45G01N179,2024-2025,2025-02-07,울산 현대모비스,대구 한국가스공사,0,0.6560997626878697,validation,1
S45G01N180,2024-2025,2025-02-07,서울 삼성,고양 소노,1,0.6038795123769409,validation,1
S45G01N181,2024-2025,2025-02-08,부산 KCC,창원 LG,0,0.40330994910758944,validation,0
S45G01N182,2024-2025,2025-02-08,서울 SK,안양 정관장,1,0.8412792629919796,validation,1
S45G01N183,2024-2025,2025-02-08,수원 KT,원주 DB,1,0.6380312780955285,validation,1
S45G01N184,2024-2025,2025-02-09,대구 한국가스공사,울산 현대모비스,0,0.5630258400557747,validation,1
S45G01N185,2024-2025,2025-02-09,서울 삼성,고양 소노,0,0.6254781804579376,validation,1
S45G01N186,2024-2025,2025-02-09,수원 KT,서울 SK,0,0.4328204213185209,validation,0
S45G01N187,2024-2025,2025-02-10,안양 정관장,부산 KCC,1,0.5497416261983806,validation,1
S45G01N188,2024-2025,2025-02-11,고양 소노,울산 현대모비스,0,0.38525343558819025,validation,0
S45G01N189,2024-2025,2025-02-12,서울 SK,창원 LG,0,0.6728014638820322,validation,1
S45G01N190,2024-2025,2025-02-13,원주 DB,부산 KCC,1,0.659505173727623,validation,1
S45G01N191,2024-2025,2025-02-26,부산 KCC,고양 소노,0,0.6605795791006346,validation,1
S45G01N192,2024-2025,2025-02-26,안양 정관장,수원 KT,0,0.44774335316735087,validation,0
S45G01N193,2024-2025,2025-02-27,원주 DB,대구 한국가스공사,1,0.5976606205221388,test,1
S45G01N194,2024-2025,2025-02-27,창원 LG,서울 삼성,1,0.8394411084754636,test,1
S45G01N195,2024-2025,2025-02-28,부산 KCC,수원 KT,0,0.42415818064683963,test,0
S45G01N196,2024-2025,2025-02-28,울산 현대모비스,서울 SK,0,0.4485893100940519,test,0
S45G01N197,2024-2025,2025-03-01,원주 DB,고양 소노,0,0.7313472483113651,test,1
S45G01N198,2024-2025,2025-03-01,서울 삼성,대구 한국가스공사,0,0.45154307895634227,test,0
S45G01N199,2024-2025,2025-03-01,창원 LG,안양 정관장,0,0.818035779583554,test,1
S45G01N200,2024-2025,2025-03-02,서울 SK,부산 KCC,1,0.8544230592187153,test,1
S45G01N201,2024-2025,2025-03-02,울산 현대모비스,수원 KT,0,0.5764764509464598,test,1
S45G01N202,2024-2025,2025-03-02,고양 소노,대구 한국가스공사,0,0.47334633471490434,test,0
S45G01N203,2024-2025,2025-03-03,원주 DB,창원 LG,1,0.4378437062504909,test,0
S45G01N204,2024-2025,2025-03-03,서울 삼성,안양 정관장,0,0.5100123702756924,test,1
S45G01N205,2024-2025,2025-03-04,수원 KT,대구 한국가스공사,1,0.6658093180070281,test,1
S45G01N206,2024-2025,2025-03-05,서울 삼성,서울 SK,0,0.21498673507759983,test,0
S45G01N207,2024-2025,2025-03-06,울산 현대모비스,원주 DB,1,0.6230395753173088,test,1
S45G01N208,2024-2025,2025-03-07,대구 한국가스공사,창원 LG,0,0.46326874222242215,test,0
S45G01N209,2024-2025,2025-03-07,고양 소노,서울 SK,0,0.2452774007476064,test,0
S45G01N210,2024-2025,2025-03-08,원주 DB,서울 삼성,0,0.7557565139235177,test,1
S45G01N211,2024-2025,2025-03-08,안양 정관장,울산 현대모비스,0,0.47003336153548264,test,0
S45G01N212,2024-2025,2025-03-09,서울 SK,대구 한국가스공사,1,0.8025758952906449,test,1
S45G01N213,2024-2025,2025-03-09,창원 LG,고양 소노,1,0.8217878440817934,test,1
S45G01N214,2024-2025,2025-03-10,안양 정관장,원주 DB,1,0.5319521009115201,test,1
S45G01N215,2024-2025,2025-03-11,울산 현대모비스,서울 삼성,1,0.7878069565998933,test,1
S45G01N216,2024-2025,2025-03-12,대구 한국가스공사,안양 정관장,1,0.6443056790686029,test,1
S45G01N217,2024-2025,2025-03-13,부산 KCC,서울 삼성,0,0.6402763283763735,test,1
S45G01N218,2024-2025,2025-03-13,수원 KT,고양 소노,1,0.7967980048152916,test,1
S45G01N219,2024-2025,2025-03-14,창원 LG,울산 현대모비스,1,0.6665065761058806,test,1
S45G01N220,2024-2025,2025-03-14,서울 SK,원주 DB,0,0.8219253889645388,test,1
S45G01N221,2024-2025,2025-03-15,대구 한국가스공사,부산 KCC,1,0.7150147721397204,test,1
S45G01N222,2024-2025,2025-03-15,서울 삼성,수원 KT,1,0.33691539578723817,test,0
S45G01N223,2024-2025,2025-03-15,고양 소노,안양 정관장,0,0.5218770549997597,test,1
S45G01N224,2024-2025,2025-03-16,수원 KT,창원 LG,1,0.5199113524990457,test,1
S45G01N225,2024-2025,2025-03-16,울산 현대모비스,부산 KCC,0,0.7731794697615064,test,1
S45G01N226,2024-2025,2025-03-16,원주 DB,서울 SK,0,0.3562101407522349,test,0
S45G01N227,2024-2025,2025-03-17,대구 한국가스공사,안양 정관장,0,0.6567242190197654,test,1
S45G01N228,2024-2025,2025-03-18,울산 현대모비스,부산 KCC,1,0.7404523458370711,test,1
S45G01N229,2024-2025,2025-03-19,수원 KT,서울 SK,0,0.4562347790590617,test,0
S45G01N230,2024-2025,2025-03-20,고양 소노,대구 한국가스공사,1,0.442368703320772,test,0
S45G01N231,2024-2025,2025-03-20,창원 LG,원주 DB,1,0.7420153837265442,test,1
S45G01N232,2024-2025,2025-03-21,서울 SK,울산 현대모비스,1,0.7669817816603482,test,1
S45G01N233,2024-2025,2025-03-21,안양 정관장,부산 KCC,1,0.6742345287903523,test,1
S45G01N234,2024-2025,2025-03-22,창원 LG,수원 KT,0,0.654829331624817,test,1
S45G01N235,2024-2025,2025-03-22,대구 한국가스공사,원주 DB,0,0.5904252327541901,test,1
S45G01N236,2024-2025,2025-03-22,고양 소노,서울 삼성,1,0.5779021103491455,test,1
S45G01N237,2024-2025,2025-03-23,서울 SK,부산 KCC,0,0.8797000393419373,test,1
S45G01N238,2024-2025,2025-03-23,안양 정관장,울산 현대모비스,1,0.5144506557191425,test,1
S45G01N239,2024-2025,2025-03-23,창원 LG,대구 한국가스공사,1,0.7534141581873646,test,1
S45G01N240,2024-2025,2025-03-24,서울 삼성,수원 KT,0,0.342736747081532,test,0
S45G01N241,2024-2025,2025-03-25,안양 정관장,고양 소노,1,0.6978670395553949,test,1
S45G01N242,2024-2025,2025-03-26,서울 삼성,창원 LG,0,0.30272484830720575,test,0
S45G01N243,2024-2025,2025-03-27,수원 KT,고양 소노,1,0.8079146636422017,test,1
S45G01N244,2024-2025,2025-03-27,원주 DB,울산 현대모비스,0,0.5527480487599394,test,1
S45G01N245,2024-2025,2025-03-28,부산 KCC,대구 한국가스공사,0,0.5304459003762235,test,1
S45G01N246,2024-2025,2025-03-28,서울 SK,창원 LG,1,0.6682837307162189,test,1
S45G01N247,2024-2025,2025-03-29,울산 현대모비스,고양 소노,1,0.7617408301146025,test,1
S45G01N248,2024-2025,2025-03-29,서울 삼성,안양 정관장,0,0.44149277369961876,test,0
S45G01N249,2024-2025,2025-03-29,수원 KT,원주 DB,1,0.7275709944704969,test,1
S45G01N250,2024-2025,2025-03-30,부산 KCC,창원 LG,0,0.3240303599235982,test,0
S45G01N251,2024-2025,2025-03-30,대구 한국가스공사,서울 SK,1,0.31786975390457595,test,0
S45G01N252,2024-2025,2025-03-30,서울 삼성,원주 DB,0,0.4505848635240906,test,0
S45G01N253,2024-2025,2025-03-31,안양 정관장,수원 KT,0,0.4605156369777899,test,0
S45G01N254,2024-2025,2025-04-01,서울 삼성,대구 한국가스공사,0,0.42262610436759557,test,0
S45G01N255,2024-2025,2025-04-02,부산 KCC,고양 소노,1,0.6083194460393194,test,1
S45G01N256,2024-2025,2025-04-03,창원 LG,안양 정관장,1,0.7397039029407411,test,1
S45G01N257,2024-2025,2025-04-03,울산 현대모비스,수원 KT,1,0.4996796673126935,test,0
S45G01N258,2024-2025,2025-04-04,부산 KCC,서울 삼성,0,0.6601312195108187,test,1
S45G01N259,2024-2025,2025-04-04,고양 소노,원주 DB,1,0.44589324074361397,test,0
S45G01N260,2024-2025,2025-04-05,울산 현대모비스,창원 LG,0,0.4986417811093003,test,0
S45G01N261,2024-2025,2025-04-05,안양 정관장,서울 SK,1,0.35140651578954923,test,0
S45G01N262,2024-2025,2025-04-05,대구 한국가스공사,수원 KT,1,0.4547083993852538,test,0
S45G01N263,2024-2025,2025-04-06,서울 SK,고양 소노,0,0.8602992872429194,test,1
S45G01N264,2024-2025,2025-04-06,울산 현대모비스,서울 삼성,1,0.7891539158418345,test,1
S45G01N265,2024-2025,2025-04-06,원주 DB,부산 KCC,1,0.6945659496125327,test,1
S45G01N266,2024-2025,2025-04-08,수원 KT,부산 KCC,1,0.8133865176604956,test,1
S45G01N267,2024-2025,2025-04-08,원주 DB,안양 정관장,0,0.5664238050511928,test,1
S45G01N268,2024-2025,2025-04-08,서울 SK,서울 삼성,1,0.8657901667908213,test,1
S45G01N269,2024-2025,2025-04-08,대구 한국가스공사,울산 현대모비스,0,0.5435138300162261,test,1
S45G01N270,2024-2025,2025-04-08,고양 소노,창원 LG,1,0.30034921126370173,test,0
