sample_index,target_game_id,target_date,season,home_team_code,home_team,away_team_code,away_team,y_home_win,window,sequence_mode,crosses_season_boundary,home_history_start,home_history_end,away_history_start,away_history_end,split,train_end_date,validation_end_date
0,S43G01N46,2023-11-16,2023-2024,16,원주 DB,10,울산 현대모비스,1,10,season_reset,0,2023-10-22,2023-11-14,2023-10-21,2023-11-13,train,2024-12-29,2025-02-26
1,S43G01N52,2023-11-18,2023-2024,16,원주 DB,35,서울 삼성,1,10,season_reset,0,2023-10-26,2023-11-16,2023-10-22,2023-11-14,train,2024-12-29,2025-02-26
2,S43G01N53,2023-11-19,2023-2024,50,창원 LG,64,대구 한국가스공사,1,10,season_reset,0,2023-10-21,2023-11-17,2023-10-21,2023-11-18,train,2024-12-29,2025-02-26
3,S43G01N55,2023-11-19,2023-2024,66,고양 소노,16,원주 DB,0,10,season_reset,0,2023-10-22,2023-11-17,2023-10-28,2023-11-18,train,2024-12-29,2025-02-26
4,S43G01N56,2023-11-20,2023-2024,55,서울 SK,35,서울 삼성,1,10,season_reset,0,2023-10-21,2023-11-18,2023-10-27,2023-11-18,train,2024-12-29,2025-02-26
5,S43G01N57,2023-11-21,2023-2024,06,수원 KT,16,원주 DB,0,10,season_reset,0,2023-10-21,2023-11-18,2023-10-30,2023-11-19,train,2024-12-29,2025-02-26
6,S43G01N58,2023-11-21,2023-2024,64,대구 한국가스공사,70,안양 정관장,0,10,season_reset,0,2023-10-28,2023-11-19,2023-10-31,2023-11-19,train,2024-12-29,2025-02-26
7,S43G01N59,2023-11-23,2023-2024,50,창원 LG,10,울산 현대모비스,1,10,season_reset,0,2023-10-23,2023-11-19,2023-10-27,2023-11-18,train,2024-12-29,2025-02-26
8,S43G01N60,2023-11-23,2023-2024,35,서울 삼성,64,대구 한국가스공사,1,10,season_reset,0,2023-10-29,2023-11-20,2023-10-29,2023-11-21,train,2024-12-29,2025-02-26
9,S43G01N61,2023-11-24,2023-2024,70,안양 정관장,06,수원 KT,0,10,season_reset,0,2023-11-02,2023-11-21,2023-10-22,2023-11-21,train,2024-12-29,2025-02-26
10,S43G01N62,2023-11-24,2023-2024,55,서울 SK,16,원주 DB,1,10,season_reset,0,2023-10-22,2023-11-20,2023-11-03,2023-11-21,train,2024-12-29,2025-02-26
11,S43G01N63,2023-11-25,2023-2024,50,창원 LG,66,고양 소노,1,10,season_reset,0,2023-10-26,2023-11-23,2023-10-24,2023-11-19,train,2024-12-29,2025-02-26
12,S43G01N64,2023-11-25,2023-2024,35,서울 삼성,10,울산 현대모비스,0,10,season_reset,0,2023-10-31,2023-11-23,2023-10-29,2023-11-23,train,2024-12-29,2025-02-26
13,S43G01N66,2023-11-26,2023-2024,06,수원 KT,35,서울 삼성,1,10,season_reset,0,2023-10-28,2023-11-24,2023-11-02,2023-11-25,train,2024-12-29,2025-02-26
14,S43G01N67,2023-11-26,2023-2024,70,안양 정관장,16,원주 DB,0,10,season_reset,0,2023-11-04,2023-11-24,2023-11-05,2023-11-24,train,2024-12-29,2025-02-26
15,S43G01N68,2023-11-26,2023-2024,66,고양 소노,55,서울 SK,1,10,season_reset,0,2023-10-27,2023-11-25,2023-10-24,2023-11-24,train,2024-12-29,2025-02-26
16,S43G01N69,2023-11-27,2023-2024,60,부산 KCC,10,울산 현대모비스,1,10,season_reset,0,2023-10-22,2023-11-25,2023-10-31,2023-11-25,train,2024-12-29,2025-02-26
17,S43G01N70,2023-11-28,2023-2024,06,수원 KT,50,창원 LG,1,10,season_reset,0,2023-10-30,2023-11-26,2023-10-28,2023-11-25,train,2024-12-29,2025-02-26
18,S43G01N71,2023-11-28,2023-2024,66,고양 소노,70,안양 정관장,1,10,season_reset,0,2023-10-29,2023-11-26,2023-11-05,2023-11-26,train,2024-12-29,2025-02-26
19,S43G01N72,2023-11-30,2023-2024,60,부산 KCC,06,수원 KT,0,10,season_reset,0,2023-10-28,2023-11-27,2023-11-04,2023-11-28,train,2024-12-29,2025-02-26
20,S43G01N73,2023-11-30,2023-2024,55,서울 SK,50,창원 LG,0,10,season_reset,0,2023-10-27,2023-11-26,2023-10-29,2023-11-28,train,2024-12-29,2025-02-26
21,S43G01N74,2023-12-01,2023-2024,70,안양 정관장,10,울산 현대모비스,0,10,season_reset,0,2023-11-07,2023-11-28,2023-11-03,2023-11-27,train,2024-12-29,2025-02-26
22,S43G01N75,2023-12-01,2023-2024,35,서울 삼성,66,고양 소노,0,10,season_reset,0,2023-11-04,2023-11-26,2023-11-02,2023-11-28,train,2024-12-29,2025-02-26
23,S43G01N76,2023-12-02,2023-2024,16,원주 DB,50,창원 LG,0,10,season_reset,0,2023-11-07,2023-11-26,2023-11-02,2023-11-30,train,2024-12-29,2025-02-26
24,S43G01N77,2023-12-02,2023-2024,55,서울 SK,60,부산 KCC,0,10,season_reset,0,2023-10-29,2023-11-30,2023-11-03,2023-11-30,train,2024-12-29,2025-02-26
25,S43G01N78,2023-12-02,2023-2024,64,대구 한국가스공사,06,수원 KT,0,10,season_reset,0,2023-11-03,2023-11-25,2023-11-06,2023-11-30,train,2024-12-29,2025-02-26
26,S43G01N79,2023-12-03,2023-2024,10,울산 현대모비스,66,고양 소노,0,10,season_reset,0,2023-11-05,2023-12-01,2023-11-04,2023-12-01,train,2024-12-29,2025-02-26
27,S43G01N80,2023-12-03,2023-2024,55,서울 SK,70,안양 정관장,1,10,season_reset,0,2023-11-04,2023-12-02,2023-11-10,2023-12-01,train,2024-12-29,2025-02-26
28,S43G01N81,2023-12-03,2023-2024,60,부산 KCC,35,서울 삼성,1,10,season_reset,0,2023-11-07,2023-12-02,2023-11-07,2023-12-01,train,2024-12-29,2025-02-26
29,S43G01N82,2023-12-04,2023-2024,16,원주 DB,64,대구 한국가스공사,1,10,season_reset,0,2023-11-10,2023-12-02,2023-11-05,2023-12-02,train,2024-12-29,2025-02-26
30,S43G01N84,2023-12-05,2023-2024,35,서울 삼성,50,창원 LG,0,10,season_reset,0,2023-11-09,2023-12-03,2023-11-04,2023-12-02,train,2024-12-29,2025-02-26
31,S43G01N83,2023-12-05,2023-2024,06,수원 KT,66,고양 소노,1,10,season_reset,0,2023-11-09,2023-12-02,2023-11-06,2023-12-03,train,2024-12-29,2025-02-26
32,S43G01N85,2023-12-07,2023-2024,50,창원 LG,60,부산 KCC,1,10,season_reset,0,2023-11-10,2023-12-05,2023-11-10,2023-12-03,train,2024-12-29,2025-02-26
33,S43G01N86,2023-12-07,2023-2024,10,울산 현대모비스,55,서울 SK,0,10,season_reset,0,2023-11-09,2023-12-03,2023-11-11,2023-12-03,train,2024-12-29,2025-02-26
34,S43G01N87,2023-12-08,2023-2024,66,고양 소노,64,대구 한국가스공사,0,10,season_reset,0,2023-11-11,2023-12-05,2023-11-09,2023-12-04,train,2024-12-29,2025-02-26
35,S43G01N88,2023-12-08,2023-2024,16,원주 DB,35,서울 삼성,1,10,season_reset,0,2023-11-12,2023-12-04,2023-11-11,2023-12-05,train,2024-12-29,2025-02-26
36,S43G01N89,2023-12-09,2023-2024,10,울산 현대모비스,70,안양 정관장,1,10,season_reset,0,2023-11-11,2023-12-07,2023-11-12,2023-12-03,train,2024-12-29,2025-02-26
37,S43G01N90,2023-12-09,2023-2024,50,창원 LG,06,수원 KT,1,10,season_reset,0,2023-11-12,2023-12-07,2023-11-11,2023-12-05,train,2024-12-29,2025-02-26
38,S43G01N91,2023-12-10,2023-2024,66,고양 소노,64,대구 한국가스공사,0,10,season_reset,0,2023-11-12,2023-12-08,2023-11-11,2023-12-08,train,2024-12-29,2025-02-26
39,S43G01N92,2023-12-10,2023-2024,16,원주 DB,70,안양 정관장,1,10,season_reset,0,2023-11-14,2023-12-08,2023-11-14,2023-12-09,train,2024-12-29,2025-02-26
40,S43G01N93,2023-12-11,2023-2024,10,울산 현대모비스,50,창원 LG,0,10,season_reset,0,2023-11-13,2023-12-09,2023-11-17,2023-12-09,train,2024-12-29,2025-02-26
41,S43G01N94,2023-12-12,2023-2024,06,수원 KT,35,서울 삼성,0,10,season_reset,0,2023-11-13,2023-12-09,2023-11-14,2023-12-08,train,2024-12-29,2025-02-26
42,S43G01N95,2023-12-12,2023-2024,16,원주 DB,55,서울 SK,1,10,season_reset,0,2023-11-16,2023-12-10,2023-11-12,2023-12-07,train,2024-12-29,2025-02-26
43,S43G01N96,2023-12-12,2023-2024,60,부산 KCC,64,대구 한국가스공사,1,10,season_reset,0,2023-11-12,2023-12-07,2023-11-16,2023-12-10,train,2024-12-29,2025-02-26
44,S43G01N97,2023-12-14,2023-2024,64,대구 한국가스공사,55,서울 SK,0,10,season_reset,0,2023-11-18,2023-12-12,2023-11-16,2023-12-12,train,2024-12-29,2025-02-26
45,S43G01N98,2023-12-15,2023-2024,06,수원 KT,66,고양 소노,1,10,season_reset,0,2023-11-18,2023-12-12,2023-11-17,2023-12-10,train,2024-12-29,2025-02-26
46,S43G01N99,2023-12-15,2023-2024,60,부산 KCC,16,원주 DB,1,10,season_reset,0,2023-11-14,2023-12-12,2023-11-18,2023-12-12,train,2024-12-29,2025-02-26
47,S43G01N100,2023-12-16,2023-2024,70,안양 정관장,35,서울 삼성,1,10,season_reset,0,2023-11-17,2023-12-10,2023-11-18,2023-12-12,train,2024-12-29,2025-02-26
48,S43G01N101,2023-12-16,2023-2024,64,대구 한국가스공사,50,창원 LG,1,10,season_reset,0,2023-11-19,2023-12-14,2023-11-19,2023-12-11,train,2024-12-29,2025-02-26
49,S43G01N102,2023-12-16,2023-2024,55,서울 SK,10,울산 현대모비스,1,10,season_reset,0,2023-11-18,2023-12-14,2023-11-16,2023-12-11,train,2024-12-29,2025-02-26
50,S43G01N103,2023-12-17,2023-2024,16,원주 DB,06,수원 KT,0,10,season_reset,0,2023-11-19,2023-12-15,2023-11-21,2023-12-15,train,2024-12-29,2025-02-26
51,S43G01N104,2023-12-17,2023-2024,50,창원 LG,35,서울 삼성,1,10,season_reset,0,2023-11-23,2023-12-16,2023-11-20,2023-12-16,train,2024-12-29,2025-02-26
52,S43G01N105,2023-12-17,2023-2024,60,부산 KCC,66,고양 소노,1,10,season_reset,0,2023-11-17,2023-12-15,2023-11-19,2023-12-15,train,2024-12-29,2025-02-26
53,S43G01N106,2023-12-18,2023-2024,70,안양 정관장,64,대구 한국가스공사,0,10,season_reset,0,2023-11-19,2023-12-16,2023-11-21,2023-12-16,train,2024-12-29,2025-02-26
54,S43G01N107,2023-12-19,2023-2024,06,수원 KT,55,서울 SK,0,10,season_reset,0,2023-11-24,2023-12-17,2023-11-20,2023-12-16,train,2024-12-29,2025-02-26
55,S43G01N108,2023-12-19,2023-2024,10,울산 현대모비스,60,부산 KCC,0,10,season_reset,0,2023-11-18,2023-12-16,2023-11-19,2023-12-17,train,2024-12-29,2025-02-26
56,S43G01N109,2023-12-21,2023-2024,64,대구 한국가스공사,16,원주 DB,0,10,season_reset,0,2023-11-23,2023-12-18,2023-11-21,2023-12-17,train,2024-12-29,2025-02-26
57,S43G01N110,2023-12-21,2023-2024,66,고양 소노,55,서울 SK,0,10,season_reset,0,2023-11-25,2023-12-17,2023-11-24,2023-12-19,train,2024-12-29,2025-02-26
58,S43G01N111,2023-12-22,2023-2024,10,울산 현대모비스,06,수원 KT,1,10,season_reset,0,2023-11-23,2023-12-19,2023-11-26,2023-12-19,train,2024-12-29,2025-02-26
59,S43G01N112,2023-12-22,2023-2024,70,안양 정관장,60,부산 KCC,0,10,season_reset,0,2023-11-21,2023-12-18,2023-11-25,2023-12-19,train,2024-12-29,2025-02-26
60,S43G01N113,2023-12-23,2023-2024,50,창원 LG,55,서울 SK,0,10,season_reset,0,2023-11-25,2023-12-17,2023-11-26,2023-12-21,train,2024-12-29,2025-02-26
61,S43G01N114,2023-12-23,2023-2024,66,고양 소노,16,원주 DB,0,10,season_reset,0,2023-11-26,2023-12-21,2023-11-24,2023-12-21,train,2024-12-29,2025-02-26
62,S43G01N115,2023-12-23,2023-2024,64,대구 한국가스공사,35,서울 삼성,1,10,season_reset,0,2023-11-25,2023-12-21,2023-11-23,2023-12-17,train,2024-12-29,2025-02-26
63,S43G01N116,2023-12-24,2023-2024,66,고양 소노,10,울산 현대모비스,0,10,season_reset,0,2023-11-28,2023-12-23,2023-11-25,2023-12-22,train,2024-12-29,2025-02-26
64,S43G01N117,2023-12-24,2023-2024,70,안양 정관장,06,수원 KT,0,10,season_reset,0,2023-11-24,2023-12-22,2023-11-28,2023-12-22,train,2024-12-29,2025-02-26
65,S43G01N118,2023-12-24,2023-2024,50,창원 LG,60,부산 KCC,0,10,season_reset,0,2023-11-28,2023-12-23,2023-11-27,2023-12-22,train,2024-12-29,2025-02-26
66,S43G01N119,2023-12-25,2023-2024,16,원주 DB,10,울산 현대모비스,1,10,season_reset,0,2023-11-26,2023-12-23,2023-11-27,2023-12-24,train,2024-12-29,2025-02-26
67,S43G01N120,2023-12-25,2023-2024,55,서울 SK,35,서울 삼성,1,10,season_reset,0,2023-11-30,2023-12-23,2023-11-25,2023-12-23,train,2024-12-29,2025-02-26
68,S43G01N121,2023-12-25,2023-2024,64,대구 한국가스공사,60,부산 KCC,0,10,season_reset,0,2023-12-02,2023-12-23,2023-11-30,2023-12-24,train,2024-12-29,2025-02-26
69,S43G01N122,2023-12-26,2023-2024,50,창원 LG,70,안양 정관장,1,10,season_reset,0,2023-11-30,2023-12-24,2023-11-26,2023-12-24,train,2024-12-29,2025-02-26
70,S43G01N123,2023-12-28,2023-2024,64,대구 한국가스공사,06,수원 KT,0,10,season_reset,0,2023-12-04,2023-12-25,2023-11-30,2023-12-24,train,2024-12-29,2025-02-26
71,S43G01N124,2023-12-28,2023-2024,66,고양 소노,70,안양 정관장,1,10,season_reset,0,2023-12-01,2023-12-24,2023-11-28,2023-12-26,train,2024-12-29,2025-02-26
72,S43G01N125,2023-12-28,2023-2024,10,울산 현대모비스,35,서울 삼성,1,10,season_reset,0,2023-12-01,2023-12-25,2023-11-26,2023-12-25,train,2024-12-29,2025-02-26
73,S43G01N126,2023-12-29,2023-2024,16,원주 DB,50,창원 LG,1,10,season_reset,0,2023-12-02,2023-12-25,2023-12-02,2023-12-26,train,2024-12-29,2025-02-26
74,S43G01N127,2023-12-30,2023-2024,66,고양 소노,35,서울 삼성,0,10,season_reset,0,2023-12-03,2023-12-28,2023-12-01,2023-12-28,train,2024-12-29,2025-02-26
75,S43G01N128,2023-12-30,2023-2024,70,안양 정관장,55,서울 SK,0,10,season_reset,0,2023-12-01,2023-12-28,2023-12-02,2023-12-25,train,2024-12-29,2025-02-26
76,S43G01N129,2023-12-30,2023-2024,06,수원 KT,60,부산 KCC,1,10,season_reset,0,2023-12-02,2023-12-28,2023-12-02,2023-12-25,train,2024-12-29,2025-02-26
77,S43G01N130,2023-12-31,2023-2024,70,안양 정관장,16,원주 DB,0,10,season_reset,0,2023-12-03,2023-12-30,2023-12-04,2023-12-29,train,2024-12-29,2025-02-26
78,S43G01N131,2023-12-31,2023-2024,50,창원 LG,66,고양 소노,1,10,season_reset,0,2023-12-05,2023-12-29,2023-12-05,2023-12-30,train,2024-12-29,2025-02-26
79,S43G01N132,2023-12-31,2023-2024,64,대구 한국가스공사,10,울산 현대모비스,0,10,season_reset,0,2023-12-08,2023-12-28,2023-12-03,2023-12-28,train,2024-12-29,2025-02-26
80,S43G01N133,2024-01-01,2023-2024,06,수원 KT,60,부산 KCC,1,10,season_reset,0,2023-12-05,2023-12-30,2023-12-03,2023-12-30,train,2024-12-29,2025-02-26
81,S43G01N134,2024-01-01,2023-2024,35,서울 삼성,55,서울 SK,0,10,season_reset,0,2023-12-03,2023-12-30,2023-12-03,2023-12-30,train,2024-12-29,2025-02-26
82,S43G01N135,2024-01-02,2023-2024,16,원주 DB,66,고양 소노,0,10,season_reset,0,2023-12-08,2023-12-31,2023-12-08,2023-12-31,train,2024-12-29,2025-02-26
83,S43G01N136,2024-01-02,2023-2024,70,안양 정관장,50,창원 LG,1,10,season_reset,0,2023-12-09,2023-12-31,2023-12-07,2023-12-31,train,2024-12-29,2025-02-26
84,S43G01N137,2024-01-03,2023-2024,60,부산 KCC,55,서울 SK,0,10,season_reset,0,2023-12-07,2024-01-01,2023-12-07,2024-01-01,train,2024-12-29,2025-02-26
85,S43G01N138,2024-01-04,2023-2024,64,대구 한국가스공사,70,안양 정관장,1,10,season_reset,0,2023-12-10,2023-12-31,2023-12-10,2024-01-02,train,2024-12-29,2025-02-26
86,S43G01N139,2024-01-04,2023-2024,35,서울 삼성,06,수원 KT,0,10,season_reset,0,2023-12-05,2024-01-01,2023-12-09,2024-01-01,train,2024-12-29,2025-02-26
87,S43G01N140,2024-01-05,2023-2024,55,서울 SK,66,고양 소노,1,10,season_reset,0,2023-12-12,2024-01-03,2023-12-10,2024-01-02,train,2024-12-29,2025-02-26
88,S43G01N141,2024-01-06,2023-2024,50,창원 LG,64,대구 한국가스공사,0,10,season_reset,0,2023-12-09,2024-01-02,2023-12-12,2024-01-04,train,2024-12-29,2025-02-26
89,S43G01N142,2024-01-06,2023-2024,10,울산 현대모비스,06,수원 KT,1,10,season_reset,0,2023-12-07,2023-12-31,2023-12-12,2024-01-04,train,2024-12-29,2025-02-26
90,S43G01N143,2024-01-06,2023-2024,35,서울 삼성,16,원주 DB,0,10,season_reset,0,2023-12-08,2024-01-04,2023-12-10,2024-01-02,train,2024-12-29,2025-02-26
91,S43G01N144,2024-01-07,2023-2024,55,서울 SK,70,안양 정관장,1,10,season_reset,0,2023-12-14,2024-01-05,2023-12-16,2024-01-04,train,2024-12-29,2025-02-26
92,S43G01N145,2024-01-07,2023-2024,60,부산 KCC,66,고양 소노,1,10,season_reset,0,2023-12-12,2024-01-03,2023-12-15,2024-01-05,train,2024-12-29,2025-02-26
93,S43G01N146,2024-01-07,2023-2024,50,창원 LG,10,울산 현대모비스,1,10,season_reset,0,2023-12-11,2024-01-06,2023-12-09,2024-01-06,train,2024-12-29,2025-02-26
94,S43G01N147,2024-01-08,2023-2024,16,원주 DB,06,수원 KT,1,10,season_reset,0,2023-12-12,2024-01-06,2023-12-15,2024-01-06,train,2024-12-29,2025-02-26
95,S43G01N148,2024-01-08,2023-2024,64,대구 한국가스공사,35,서울 삼성,1,10,season_reset,0,2023-12-14,2024-01-06,2023-12-12,2024-01-06,train,2024-12-29,2025-02-26
96,S43G01N149,2024-01-09,2023-2024,50,창원 LG,55,서울 SK,0,10,season_reset,0,2023-12-16,2024-01-07,2023-12-16,2024-01-07,train,2024-12-29,2025-02-26
97,S43G01N150,2024-01-09,2023-2024,60,부산 KCC,10,울산 현대모비스,1,10,season_reset,0,2023-12-15,2024-01-07,2023-12-11,2024-01-07,train,2024-12-29,2025-02-26
98,S43G01N151,2024-01-11,2023-2024,60,부산 KCC,55,서울 SK,1,10,season_reset,0,2023-12-17,2024-01-09,2023-12-19,2024-01-09,train,2024-12-29,2025-02-26
99,S43G01N152,2024-01-17,2023-2024,60,부산 KCC,16,원주 DB,0,10,season_reset,0,2023-12-19,2024-01-11,2023-12-15,2024-01-08,train,2024-12-29,2025-02-26
100,S43G01N153,2024-01-17,2023-2024,66,고양 소노,70,안양 정관장,1,10,season_reset,0,2023-12-17,2024-01-07,2023-12-18,2024-01-07,train,2024-12-29,2025-02-26
101,S43G01N154,2024-01-18,2023-2024,64,대구 한국가스공사,06,수원 KT,1,10,season_reset,0,2023-12-16,2024-01-08,2023-12-17,2024-01-08,train,2024-12-29,2025-02-26
102,S43G01N155,2024-01-18,2023-2024,55,서울 SK,10,울산 현대모비스,0,10,season_reset,0,2023-12-21,2024-01-11,2023-12-16,2024-01-09,train,2024-12-29,2025-02-26
103,S43G01N156,2024-01-19,2023-2024,60,부산 KCC,50,창원 LG,0,10,season_reset,0,2023-12-22,2024-01-17,2023-12-17,2024-01-09,train,2024-12-29,2025-02-26
104,S43G01N157,2024-01-19,2023-2024,70,안양 정관장,35,서울 삼성,1,10,season_reset,0,2023-12-22,2024-01-17,2023-12-16,2024-01-08,train,2024-12-29,2025-02-26
105,S43G01N158,2024-01-20,2023-2024,10,울산 현대모비스,64,대구 한국가스공사,1,10,season_reset,0,2023-12-19,2024-01-18,2023-12-18,2024-01-18,train,2024-12-29,2025-02-26
106,S43G01N159,2024-01-20,2023-2024,55,서울 SK,16,원주 DB,1,10,season_reset,0,2023-12-23,2024-01-18,2023-12-17,2024-01-17,train,2024-12-29,2025-02-26
107,S43G01N160,2024-01-20,2023-2024,66,고양 소노,06,수원 KT,0,10,season_reset,0,2023-12-21,2024-01-17,2023-12-19,2024-01-18,train,2024-12-29,2025-02-26
108,S43G01N161,2024-01-21,2023-2024,16,원주 DB,50,창원 LG,1,10,season_reset,0,2023-12-21,2024-01-20,2023-12-23,2024-01-19,train,2024-12-29,2025-02-26
109,S43G01N162,2024-01-21,2023-2024,35,서울 삼성,60,부산 KCC,0,10,season_reset,0,2023-12-17,2024-01-19,2023-12-24,2024-01-19,train,2024-12-29,2025-02-26
110,S43G01N163,2024-01-21,2023-2024,70,안양 정관장,10,울산 현대모비스,1,10,season_reset,0,2023-12-24,2024-01-19,2023-12-22,2024-01-20,train,2024-12-29,2025-02-26
111,S43G01N164,2024-01-22,2023-2024,55,서울 SK,64,대구 한국가스공사,0,10,season_reset,0,2023-12-25,2024-01-20,2023-12-21,2024-01-20,train,2024-12-29,2025-02-26
112,S43G01N165,2024-01-23,2023-2024,16,원주 DB,10,울산 현대모비스,0,10,season_reset,0,2023-12-23,2024-01-21,2023-12-24,2024-01-21,train,2024-12-29,2025-02-26
113,S43G01N166,2024-01-23,2023-2024,66,고양 소노,35,서울 삼성,1,10,season_reset,0,2023-12-23,2024-01-20,2023-12-23,2024-01-21,train,2024-12-29,2025-02-26
114,S43G01N167,2024-01-25,2023-2024,06,수원 KT,55,서울 SK,1,10,season_reset,0,2023-12-22,2024-01-20,2023-12-30,2024-01-22,train,2024-12-29,2025-02-26
115,S43G01N168,2024-01-25,2023-2024,64,대구 한국가스공사,60,부산 KCC,1,10,season_reset,0,2023-12-23,2024-01-22,2023-12-25,2024-01-21,train,2024-12-29,2025-02-26
116,S43G01N169,2024-01-26,2023-2024,50,창원 LG,35,서울 삼성,1,10,season_reset,0,2023-12-24,2024-01-21,2023-12-25,2024-01-23,train,2024-12-29,2025-02-26
117,S43G01N170,2024-01-26,2023-2024,10,울산 현대모비스,66,고양 소노,1,10,season_reset,0,2023-12-25,2024-01-23,2023-12-24,2024-01-23,train,2024-12-29,2025-02-26
118,S43G01N171,2024-01-27,2023-2024,06,수원 KT,70,안양 정관장,1,10,season_reset,0,2023-12-24,2024-01-25,2023-12-26,2024-01-21,train,2024-12-29,2025-02-26
119,S43G01N172,2024-01-27,2023-2024,64,대구 한국가스공사,16,원주 DB,1,10,season_reset,0,2023-12-25,2024-01-25,2023-12-25,2024-01-23,train,2024-12-29,2025-02-26
120,S43G01N173,2024-01-27,2023-2024,55,서울 SK,60,부산 KCC,0,10,season_reset,0,2024-01-01,2024-01-25,2023-12-30,2024-01-25,train,2024-12-29,2025-02-26
121,S43G01N174,2024-01-28,2023-2024,06,수원 KT,50,창원 LG,0,10,season_reset,0,2023-12-28,2024-01-27,2023-12-26,2024-01-26,train,2024-12-29,2025-02-26
122,S43G01N175,2024-01-28,2023-2024,10,울산 현대모비스,35,서울 삼성,1,10,season_reset,0,2023-12-28,2024-01-26,2023-12-28,2024-01-26,train,2024-12-29,2025-02-26
123,S43G01N176,2024-01-28,2023-2024,66,고양 소노,64,대구 한국가스공사,1,10,season_reset,0,2023-12-28,2024-01-26,2023-12-28,2024-01-27,train,2024-12-29,2025-02-26
124,S43G01N177,2024-01-29,2023-2024,60,부산 KCC,70,안양 정관장,1,10,season_reset,0,2024-01-01,2024-01-27,2023-12-28,2024-01-27,train,2024-12-29,2025-02-26
125,S43G01N178,2024-01-30,2023-2024,66,고양 소노,50,창원 LG,0,10,season_reset,0,2023-12-30,2024-01-28,2023-12-29,2024-01-28,train,2024-12-29,2025-02-26
126,S43G01N179,2024-01-30,2023-2024,35,서울 삼성,16,원주 DB,0,10,season_reset,0,2023-12-30,2024-01-28,2023-12-29,2024-01-27,train,2024-12-29,2025-02-26
127,S43G01N180,2024-02-01,2023-2024,06,수원 KT,64,대구 한국가스공사,1,10,season_reset,0,2023-12-30,2024-01-28,2023-12-31,2024-01-28,train,2024-12-29,2025-02-26
128,S43G01N181,2024-02-01,2023-2024,66,고양 소노,50,창원 LG,0,10,season_reset,0,2023-12-31,2024-01-30,2023-12-31,2024-01-30,train,2024-12-29,2025-02-26
129,S43G01N182,2024-02-02,2023-2024,10,울산 현대모비스,16,원주 DB,0,10,season_reset,0,2023-12-31,2024-01-28,2023-12-31,2024-01-30,train,2024-12-29,2025-02-26
130,S43G01N183,2024-02-02,2023-2024,60,부산 KCC,70,안양 정관장,1,10,season_reset,0,2024-01-03,2024-01-29,2023-12-30,2024-01-29,train,2024-12-29,2025-02-26
131,S43G01N184,2024-02-03,2023-2024,55,서울 SK,06,수원 KT,0,10,season_reset,0,2024-01-03,2024-01-27,2024-01-01,2024-02-01,train,2024-12-29,2025-02-26
132,S43G01N185,2024-02-03,2023-2024,64,대구 한국가스공사,66,고양 소노,1,10,season_reset,0,2024-01-04,2024-02-01,2024-01-02,2024-02-01,train,2024-12-29,2025-02-26
133,S43G01N186,2024-02-03,2023-2024,35,서울 삼성,50,창원 LG,1,10,season_reset,0,2024-01-01,2024-01-30,2024-01-02,2024-02-01,train,2024-12-29,2025-02-26
134,S43G01N187,2024-02-04,2023-2024,70,안양 정관장,16,원주 DB,0,10,season_reset,0,2023-12-31,2024-02-02,2024-01-02,2024-02-02,train,2024-12-29,2025-02-26
135,S43G01N188,2024-02-04,2023-2024,10,울산 현대모비스,55,서울 SK,1,10,season_reset,0,2024-01-06,2024-02-02,2024-01-05,2024-02-03,train,2024-12-29,2025-02-26
136,S43G01N189,2024-02-04,2023-2024,35,서울 삼성,60,부산 KCC,1,10,season_reset,0,2024-01-04,2024-02-03,2024-01-07,2024-02-02,train,2024-12-29,2025-02-26
137,S43G01N190,2024-02-05,2023-2024,66,고양 소노,06,수원 KT,0,10,season_reset,0,2024-01-05,2024-02-03,2024-01-04,2024-02-03,train,2024-12-29,2025-02-26
138,S43G01N191,2024-02-06,2023-2024,50,창원 LG,16,원주 DB,0,10,season_reset,0,2024-01-06,2024-02-03,2024-01-06,2024-02-04,train,2024-12-29,2025-02-26
139,S43G01N192,2024-02-06,2023-2024,64,대구 한국가스공사,35,서울 삼성,1,10,season_reset,0,2024-01-06,2024-02-03,2024-01-06,2024-02-04,train,2024-12-29,2025-02-26
140,S43G01N193,2024-02-08,2023-2024,60,부산 KCC,50,창원 LG,1,10,season_reset,0,2024-01-09,2024-02-04,2024-01-07,2024-02-06,train,2024-12-29,2025-02-26
141,S43G01N194,2024-02-08,2023-2024,64,대구 한국가스공사,10,울산 현대모비스,0,10,season_reset,0,2024-01-08,2024-02-06,2024-01-07,2024-02-04,train,2024-12-29,2025-02-26
142,S43G01N195,2024-02-09,2023-2024,06,수원 KT,16,원주 DB,1,10,season_reset,0,2024-01-06,2024-02-05,2024-01-08,2024-02-06,train,2024-12-29,2025-02-26
143,S43G01N196,2024-02-09,2023-2024,66,고양 소노,35,서울 삼성,0,10,season_reset,0,2024-01-07,2024-02-05,2024-01-08,2024-02-06,train,2024-12-29,2025-02-26
144,S43G01N197,2024-02-10,2023-2024,55,서울 SK,70,안양 정관장,1,10,season_reset,0,2024-01-07,2024-02-04,2024-01-02,2024-02-04,train,2024-12-29,2025-02-26
145,S43G01N198,2024-02-10,2023-2024,64,대구 한국가스공사,50,창원 LG,0,10,season_reset,0,2024-01-18,2024-02-08,2024-01-09,2024-02-08,train,2024-12-29,2025-02-26
146,S43G01N199,2024-02-10,2023-2024,10,울산 현대모비스,60,부산 KCC,1,10,season_reset,0,2024-01-09,2024-02-08,2024-01-11,2024-02-08,train,2024-12-29,2025-02-26
147,S43G01N200,2024-02-11,2023-2024,35,서울 삼성,55,서울 SK,0,10,season_reset,0,2024-01-19,2024-02-09,2024-01-09,2024-02-10,train,2024-12-29,2025-02-26
148,S43G01N201,2024-02-11,2023-2024,70,안양 정관장,06,수원 KT,0,10,season_reset,0,2024-01-04,2024-02-10,2024-01-08,2024-02-09,train,2024-12-29,2025-02-26
149,S43G01N202,2024-02-11,2023-2024,16,원주 DB,66,고양 소노,1,10,season_reset,0,2024-01-17,2024-02-09,2024-01-17,2024-02-09,train,2024-12-29,2025-02-26
150,S43G01N203,2024-02-12,2023-2024,50,창원 LG,10,울산 현대모비스,0,10,season_reset,0,2024-01-19,2024-02-10,2024-01-18,2024-02-10,train,2024-12-29,2025-02-26
151,S43G01N204,2024-02-12,2023-2024,60,부산 KCC,64,대구 한국가스공사,1,10,season_reset,0,2024-01-17,2024-02-10,2024-01-20,2024-02-10,train,2024-12-29,2025-02-26
152,S43G01N205,2024-02-13,2023-2024,16,원주 DB,55,서울 SK,1,10,season_reset,0,2024-01-20,2024-02-11,2024-01-11,2024-02-11,train,2024-12-29,2025-02-26
153,S43G01N206,2024-02-13,2023-2024,35,서울 삼성,70,안양 정관장,1,10,season_reset,0,2024-01-21,2024-02-11,2024-01-07,2024-02-11,train,2024-12-29,2025-02-26
154,S43G01N207,2024-02-14,2023-2024,06,수원 KT,10,울산 현대모비스,1,10,season_reset,0,2024-01-18,2024-02-11,2024-01-20,2024-02-12,train,2024-12-29,2025-02-26
155,S43G01N208,2024-02-14,2023-2024,66,고양 소노,60,부산 KCC,1,10,season_reset,0,2024-01-20,2024-02-11,2024-01-19,2024-02-12,train,2024-12-29,2025-02-26
156,S43G01N209,2024-02-15,2023-2024,70,안양 정관장,64,대구 한국가스공사,0,10,season_reset,0,2024-01-17,2024-02-13,2024-01-22,2024-02-12,train,2024-12-29,2025-02-26
157,S43G01N210,2024-02-15,2023-2024,55,서울 SK,50,창원 LG,0,10,season_reset,0,2024-01-18,2024-02-13,2024-01-21,2024-02-12,train,2024-12-29,2025-02-26
158,S43G01N211,2024-02-28,2023-2024,10,울산 현대모비스,70,안양 정관장,1,10,season_reset,0,2024-01-21,2024-02-14,2024-01-19,2024-02-15,train,2024-12-29,2025-02-26
159,S43G01N212,2024-02-28,2023-2024,55,서울 SK,66,고양 소노,1,10,season_reset,0,2024-01-20,2024-02-15,2024-01-23,2024-02-14,train,2024-12-29,2025-02-26
160,S43G01N213,2024-02-29,2023-2024,60,부산 KCC,16,원주 DB,0,10,season_reset,0,2024-01-21,2024-02-14,2024-01-21,2024-02-13,train,2024-12-29,2025-02-26
161,S43G01N214,2024-02-29,2023-2024,35,서울 삼성,06,수원 KT,0,10,season_reset,0,2024-01-23,2024-02-13,2024-01-20,2024-02-14,train,2024-12-29,2025-02-26
162,S43G01N215,2024-03-01,2023-2024,55,서울 SK,64,대구 한국가스공사,0,10,season_reset,0,2024-01-22,2024-02-28,2024-01-25,2024-02-15,train,2024-12-29,2025-02-26
163,S43G01N216,2024-03-01,2023-2024,10,울산 현대모비스,66,고양 소노,0,10,season_reset,0,2024-01-23,2024-02-28,2024-01-26,2024-02-28,train,2024-12-29,2025-02-26
164,S43G01N217,2024-03-01,2023-2024,50,창원 LG,70,안양 정관장,1,10,season_reset,0,2024-01-26,2024-02-15,2024-01-21,2024-02-28,train,2024-12-29,2025-02-26
165,S43G01N218,2024-03-02,2023-2024,60,부산 KCC,06,수원 KT,1,10,season_reset,0,2024-01-25,2024-02-29,2024-01-25,2024-02-29,train,2024-12-29,2025-02-26
166,S43G01N219,2024-03-02,2023-2024,16,원주 DB,64,대구 한국가스공사,1,10,season_reset,0,2024-01-23,2024-02-29,2024-01-27,2024-03-01,train,2024-12-29,2025-02-26
167,S43G01N220,2024-03-02,2023-2024,35,서울 삼성,10,울산 현대모비스,1,10,season_reset,0,2024-01-26,2024-02-29,2024-01-26,2024-03-01,train,2024-12-29,2025-02-26
168,S43G01N221,2024-03-03,2023-2024,06,수원 KT,50,창원 LG,0,10,season_reset,0,2024-01-27,2024-03-02,2024-01-28,2024-03-01,train,2024-12-29,2025-02-26
169,S43G01N222,2024-03-03,2023-2024,70,안양 정관장,66,고양 소노,1,10,season_reset,0,2024-01-27,2024-03-01,2024-01-28,2024-03-01,train,2024-12-29,2025-02-26
170,S43G01N223,2024-03-03,2023-2024,55,서울 SK,60,부산 KCC,1,10,season_reset,0,2024-01-25,2024-03-01,2024-01-27,2024-03-02,train,2024-12-29,2025-02-26
171,S43G01N224,2024-03-04,2023-2024,35,서울 삼성,64,대구 한국가스공사,0,10,season_reset,0,2024-01-28,2024-03-02,2024-01-28,2024-03-02,train,2024-12-29,2025-02-26
172,S43G01N225,2024-03-05,2023-2024,66,고양 소노,60,부산 KCC,0,10,season_reset,0,2024-01-30,2024-03-03,2024-01-29,2024-03-03,train,2024-12-29,2025-02-26
173,S43G01N226,2024-03-05,2023-2024,55,서울 SK,10,울산 현대모비스,1,10,season_reset,0,2024-01-27,2024-03-03,2024-01-28,2024-03-02,train,2024-12-29,2025-02-26
174,S43G01N227,2024-03-07,2023-2024,50,창원 LG,64,대구 한국가스공사,1,10,season_reset,0,2024-01-30,2024-03-03,2024-02-01,2024-03-04,train,2024-12-29,2025-02-26
175,S43G01N228,2024-03-07,2023-2024,35,서울 삼성,16,원주 DB,0,10,season_reset,0,2024-01-30,2024-03-04,2024-01-27,2024-03-02,train,2024-12-29,2025-02-26
176,S43G01N229,2024-03-07,2023-2024,06,수원 KT,60,부산 KCC,0,10,season_reset,0,2024-01-28,2024-03-03,2024-02-02,2024-03-05,train,2024-12-29,2025-02-26
177,S43G01N230,2024-03-09,2023-2024,06,수원 KT,10,울산 현대모비스,1,10,season_reset,0,2024-02-01,2024-03-07,2024-02-02,2024-03-05,train,2024-12-29,2025-02-26
178,S43G01N231,2024-03-09,2023-2024,16,원주 DB,60,부산 KCC,1,10,season_reset,0,2024-01-30,2024-03-07,2024-02-04,2024-03-07,train,2024-12-29,2025-02-26
179,S43G01N232,2024-03-09,2023-2024,35,서울 삼성,66,고양 소노,1,10,season_reset,0,2024-02-03,2024-03-07,2024-02-01,2024-03-05,train,2024-12-29,2025-02-26
180,S43G01N233,2024-03-11,2023-2024,50,창원 LG,06,수원 KT,1,10,season_reset,0,2024-02-01,2024-03-07,2024-02-03,2024-03-09,train,2024-12-29,2025-02-26
181,S43G01N234,2024-03-13,2023-2024,70,안양 정관장,66,고양 소노,0,10,season_reset,0,2024-01-29,2024-03-03,2024-02-03,2024-03-09,train,2024-12-29,2025-02-26
182,S43G01N235,2024-03-13,2023-2024,55,서울 SK,64,대구 한국가스공사,1,10,season_reset,0,2024-02-03,2024-03-05,2024-02-03,2024-03-07,train,2024-12-29,2025-02-26
183,S43G01N236,2024-03-14,2023-2024,16,원주 DB,06,수원 KT,1,10,season_reset,0,2024-02-02,2024-03-09,2024-02-05,2024-03-11,train,2024-12-29,2025-02-26
184,S43G01N237,2024-03-14,2023-2024,70,안양 정관장,35,서울 삼성,0,10,season_reset,0,2024-02-02,2024-03-13,2024-02-04,2024-03-09,train,2024-12-29,2025-02-26
185,S43G01N238,2024-03-15,2023-2024,64,대구 한국가스공사,60,부산 KCC,1,10,season_reset,0,2024-02-06,2024-03-13,2024-02-08,2024-03-09,train,2024-12-29,2025-02-26
186,S43G01N239,2024-03-15,2023-2024,66,고양 소노,50,창원 LG,0,10,season_reset,0,2024-02-05,2024-03-13,2024-02-03,2024-03-11,train,2024-12-29,2025-02-26
187,S43G01N240,2024-03-16,2023-2024,06,수원 KT,35,서울 삼성,1,10,season_reset,0,2024-02-09,2024-03-14,2024-02-06,2024-03-14,train,2024-12-29,2025-02-26
188,S43G01N241,2024-03-16,2023-2024,10,울산 현대모비스,16,원주 DB,1,10,season_reset,0,2024-02-04,2024-03-09,2024-02-04,2024-03-14,train,2024-12-29,2025-02-26
189,S43G01N242,2024-03-16,2023-2024,70,안양 정관장,55,서울 SK,1,10,season_reset,0,2024-02-04,2024-03-14,2024-02-04,2024-03-13,train,2024-12-29,2025-02-26
190,S43G01N243,2024-03-17,2023-2024,64,대구 한국가스공사,66,고양 소노,0,10,season_reset,0,2024-02-08,2024-03-15,2024-02-09,2024-03-15,train,2024-12-29,2025-02-26
191,S43G01N244,2024-03-17,2023-2024,60,부산 KCC,06,수원 KT,1,10,season_reset,0,2024-02-10,2024-03-15,2024-02-11,2024-03-16,train,2024-12-29,2025-02-26
192,S43G01N245,2024-03-17,2023-2024,50,창원 LG,16,원주 DB,1,10,season_reset,0,2024-02-06,2024-03-15,2024-02-06,2024-03-16,train,2024-12-29,2025-02-26
193,S43G01N246,2024-03-18,2023-2024,35,서울 삼성,10,울산 현대모비스,1,10,season_reset,0,2024-02-09,2024-03-16,2024-02-08,2024-03-16,train,2024-12-29,2025-02-26
194,S43G01N247,2024-03-19,2023-2024,50,창원 LG,70,안양 정관장,1,10,season_reset,0,2024-02-08,2024-03-17,2024-02-10,2024-03-16,train,2024-12-29,2025-02-26
195,S43G01N248,2024-03-19,2023-2024,55,서울 SK,66,고양 소노,0,10,season_reset,0,2024-02-10,2024-03-16,2024-02-11,2024-03-17,train,2024-12-29,2025-02-26
196,S43G01N249,2024-03-20,2023-2024,60,부산 KCC,35,서울 삼성,1,10,season_reset,0,2024-02-12,2024-03-17,2024-02-11,2024-03-18,train,2024-12-29,2025-02-26
197,S43G01N250,2024-03-21,2023-2024,70,안양 정관장,64,대구 한국가스공사,1,10,season_reset,0,2024-02-11,2024-03-19,2024-02-10,2024-03-17,train,2024-12-29,2025-02-26
198,S43G01N251,2024-03-21,2023-2024,55,서울 SK,16,원주 DB,0,10,season_reset,0,2024-02-11,2024-03-19,2024-02-09,2024-03-17,train,2024-12-29,2025-02-26
199,S43G01N252,2024-03-22,2023-2024,60,부산 KCC,50,창원 LG,0,10,season_reset,0,2024-02-14,2024-03-20,2024-02-10,2024-03-19,train,2024-12-29,2025-02-26
200,S43G01N253,2024-03-22,2023-2024,66,고양 소노,10,울산 현대모비스,1,10,season_reset,0,2024-02-14,2024-03-19,2024-02-10,2024-03-18,train,2024-12-29,2025-02-26
201,S43G01N254,2024-03-23,2023-2024,06,수원 KT,64,대구 한국가스공사,1,10,season_reset,0,2024-02-14,2024-03-17,2024-02-12,2024-03-21,train,2024-12-29,2025-02-26
202,S43G01N255,2024-03-23,2023-2024,16,원주 DB,70,안양 정관장,0,10,season_reset,0,2024-02-11,2024-03-21,2024-02-13,2024-03-21,train,2024-12-29,2025-02-26
203,S43G01N256,2024-03-23,2023-2024,55,서울 SK,35,서울 삼성,1,10,season_reset,0,2024-02-13,2024-03-21,2024-02-13,2024-03-20,train,2024-12-29,2025-02-26
204,S43G01N257,2024-03-24,2023-2024,10,울산 현대모비스,50,창원 LG,0,10,season_reset,0,2024-02-12,2024-03-22,2024-02-12,2024-03-22,train,2024-12-29,2025-02-26
205,S43G01N258,2024-03-24,2023-2024,16,원주 DB,66,고양 소노,1,10,season_reset,0,2024-02-13,2024-03-23,2024-02-28,2024-03-22,train,2024-12-29,2025-02-26
206,S43G01N259,2024-03-24,2023-2024,35,서울 삼성,60,부산 KCC,1,10,season_reset,0,2024-02-29,2024-03-23,2024-02-29,2024-03-22,train,2024-12-29,2025-02-26
207,S43G01N260,2024-03-25,2023-2024,55,서울 SK,06,수원 KT,0,10,season_reset,0,2024-02-15,2024-03-23,2024-02-29,2024-03-23,train,2024-12-29,2025-02-26
208,S43G01N261,2024-03-26,2023-2024,60,부산 KCC,70,안양 정관장,1,10,season_reset,0,2024-03-02,2024-03-24,2024-02-15,2024-03-23,train,2024-12-29,2025-02-26
209,S43G01N262,2024-03-26,2023-2024,64,대구 한국가스공사,10,울산 현대모비스,1,10,season_reset,0,2024-02-15,2024-03-23,2024-02-14,2024-03-24,train,2024-12-29,2025-02-26
210,S43G01N263,2024-03-28,2023-2024,06,수원 KT,70,안양 정관장,0,10,season_reset,0,2024-03-02,2024-03-25,2024-02-28,2024-03-26,train,2024-12-29,2025-02-26
211,S43G01N264,2024-03-28,2023-2024,55,서울 SK,50,창원 LG,1,10,season_reset,0,2024-02-28,2024-03-25,2024-02-15,2024-03-24,train,2024-12-29,2025-02-26
212,S43G01N265,2024-03-29,2023-2024,60,부산 KCC,10,울산 현대모비스,1,10,season_reset,0,2024-03-03,2024-03-26,2024-02-28,2024-03-26,train,2024-12-29,2025-02-26
213,S43G01N266,2024-03-31,2023-2024,10,울산 현대모비스,70,안양 정관장,1,10,season_reset,0,2024-03-01,2024-03-29,2024-03-01,2024-03-28,train,2024-12-29,2025-02-26
214,S43G01N267,2024-03-31,2023-2024,60,부산 KCC,55,서울 SK,1,10,season_reset,0,2024-03-05,2024-03-29,2024-03-01,2024-03-28,train,2024-12-29,2025-02-26
215,S43G01N268,2024-03-31,2023-2024,16,원주 DB,64,대구 한국가스공사,1,10,season_reset,0,2024-02-29,2024-03-24,2024-03-01,2024-03-26,train,2024-12-29,2025-02-26
216,S43G01N269,2024-03-31,2023-2024,66,고양 소노,06,수원 KT,1,10,season_reset,0,2024-03-01,2024-03-24,2024-03-03,2024-03-28,train,2024-12-29,2025-02-26
217,S43G01N270,2024-03-31,2023-2024,50,창원 LG,35,서울 삼성,1,10,season_reset,0,2024-03-01,2024-03-28,2024-03-02,2024-03-24,train,2024-12-29,2025-02-26
218,S45G01N52,2024-11-27,2024-2025,50,창원 LG,55,서울 SK,0,10,season_reset,0,2024-10-19,2024-11-14,2024-10-20,2024-11-12,train,2024-12-29,2025-02-26
219,S45G01N54,2024-11-28,2024-2025,16,원주 DB,66,고양 소노,1,10,season_reset,0,2024-10-22,2024-11-14,2024-10-20,2024-11-13,train,2024-12-29,2025-02-26
220,S45G01N55,2024-11-29,2024-2025,55,서울 SK,64,대구 한국가스공사,1,10,season_reset,0,2024-10-22,2024-11-27,2024-10-19,2024-11-14,train,2024-12-29,2025-02-26
221,S45G01N56,2024-11-29,2024-2025,70,안양 정관장,60,부산 KCC,1,10,season_reset,0,2024-10-20,2024-11-11,2024-10-19,2024-11-27,train,2024-12-29,2025-02-26
222,S45G01N57,2024-11-30,2024-2025,06,수원 KT,10,울산 현대모비스,0,10,season_reset,0,2024-10-25,2024-11-28,2024-10-25,2024-11-27,train,2024-12-29,2025-02-26
223,S45G01N58,2024-11-30,2024-2025,66,고양 소노,50,창원 LG,0,10,season_reset,0,2024-10-23,2024-11-28,2024-10-21,2024-11-27,train,2024-12-29,2025-02-26
224,S45G01N59,2024-11-30,2024-2025,35,서울 삼성,16,원주 DB,0,10,season_reset,0,2024-10-19,2024-11-28,2024-10-24,2024-11-28,train,2024-12-29,2025-02-26
225,S45G01N60,2024-12-01,2024-2025,55,서울 SK,06,수원 KT,1,10,season_reset,0,2024-10-25,2024-11-29,2024-10-27,2024-11-30,train,2024-12-29,2025-02-26
226,S45G01N61,2024-12-01,2024-2025,66,고양 소노,60,부산 KCC,0,10,season_reset,0,2024-10-26,2024-11-30,2024-10-21,2024-11-29,train,2024-12-29,2025-02-26
227,S45G01N62,2024-12-01,2024-2025,64,대구 한국가스공사,70,안양 정관장,1,10,season_reset,0,2024-10-24,2024-11-29,2024-10-24,2024-11-29,train,2024-12-29,2025-02-26
228,S45G01N63,2024-12-02,2024-2025,35,서울 삼성,10,울산 현대모비스,0,10,season_reset,0,2024-10-20,2024-11-30,2024-10-27,2024-11-30,train,2024-12-29,2025-02-26
229,S45G01N64,2024-12-03,2024-2025,64,대구 한국가스공사,66,고양 소노,1,10,season_reset,0,2024-10-26,2024-12-01,2024-10-28,2024-12-01,train,2024-12-29,2025-02-26
230,S45G01N65,2024-12-04,2024-2025,16,원주 DB,70,안양 정관장,1,10,season_reset,0,2024-10-26,2024-11-30,2024-10-26,2024-12-01,train,2024-12-29,2025-02-26
231,S45G01N66,2024-12-05,2024-2025,10,울산 현대모비스,50,창원 LG,1,10,season_reset,0,2024-10-31,2024-12-02,2024-10-24,2024-11-30,train,2024-12-29,2025-02-26
232,S45G01N67,2024-12-05,2024-2025,64,대구 한국가스공사,35,서울 삼성,0,10,season_reset,0,2024-10-30,2024-12-03,2024-10-26,2024-12-02,train,2024-12-29,2025-02-26
233,S45G01N68,2024-12-06,2024-2025,70,안양 정관장,55,서울 SK,0,10,season_reset,0,2024-10-28,2024-12-04,2024-10-27,2024-12-01,train,2024-12-29,2025-02-26
234,S45G01N69,2024-12-06,2024-2025,66,고양 소노,06,수원 KT,0,10,season_reset,0,2024-10-31,2024-12-03,2024-10-31,2024-12-01,train,2024-12-29,2025-02-26
235,S45G01N70,2024-12-07,2024-2025,10,울산 현대모비스,64,대구 한국가스공사,1,10,season_reset,0,2024-11-02,2024-12-05,2024-11-01,2024-12-05,train,2024-12-29,2025-02-26
236,S45G01N71,2024-12-07,2024-2025,35,서울 삼성,60,부산 KCC,0,10,season_reset,0,2024-10-27,2024-12-05,2024-10-23,2024-12-01,train,2024-12-29,2025-02-26
237,S45G01N72,2024-12-07,2024-2025,50,창원 LG,16,원주 DB,1,10,season_reset,0,2024-10-26,2024-12-05,2024-10-27,2024-12-04,train,2024-12-29,2025-02-26
238,S45G01N73,2024-12-08,2024-2025,06,수원 KT,60,부산 KCC,1,10,season_reset,0,2024-11-02,2024-12-06,2024-10-25,2024-12-07,train,2024-12-29,2025-02-26
239,S45G01N74,2024-12-08,2024-2025,66,고양 소노,55,서울 SK,0,10,season_reset,0,2024-11-02,2024-12-06,2024-11-01,2024-12-06,train,2024-12-29,2025-02-26
240,S45G01N75,2024-12-08,2024-2025,10,울산 현대모비스,70,안양 정관장,0,10,season_reset,0,2024-11-03,2024-12-07,2024-10-30,2024-12-06,train,2024-12-29,2025-02-26
241,S45G01N76,2024-12-09,2024-2025,64,대구 한국가스공사,50,창원 LG,1,10,season_reset,0,2024-11-03,2024-12-07,2024-11-01,2024-12-07,train,2024-12-29,2025-02-26
242,S45G01N77,2024-12-10,2024-2025,60,부산 KCC,55,서울 SK,1,10,season_reset,0,2024-10-27,2024-12-08,2024-11-03,2024-12-08,train,2024-12-29,2025-02-26
243,S45G01N78,2024-12-11,2024-2025,70,안양 정관장,35,서울 삼성,0,10,season_reset,0,2024-11-02,2024-12-08,2024-10-29,2024-12-07,train,2024-12-29,2025-02-26
244,S45G01N79,2024-12-12,2024-2025,64,대구 한국가스공사,60,부산 KCC,0,10,season_reset,0,2024-11-05,2024-12-09,2024-10-29,2024-12-10,train,2024-12-29,2025-02-26
245,S45G01N80,2024-12-12,2024-2025,10,울산 현대모비스,16,원주 DB,1,10,season_reset,0,2024-11-06,2024-12-08,2024-11-02,2024-12-07,train,2024-12-29,2025-02-26
246,S45G01N81,2024-12-13,2024-2025,66,고양 소노,35,서울 삼성,0,10,season_reset,0,2024-11-04,2024-12-08,2024-10-31,2024-12-11,train,2024-12-29,2025-02-26
247,S45G01N82,2024-12-13,2024-2025,70,안양 정관장,50,창원 LG,0,10,season_reset,0,2024-11-03,2024-12-11,2024-11-03,2024-12-09,train,2024-12-29,2025-02-26
248,S45G01N83,2024-12-14,2024-2025,60,부산 KCC,16,원주 DB,0,10,season_reset,0,2024-11-01,2024-12-12,2024-11-04,2024-12-12,train,2024-12-29,2025-02-26
249,S45G01N84,2024-12-14,2024-2025,06,수원 KT,64,대구 한국가스공사,0,10,season_reset,0,2024-11-05,2024-12-08,2024-11-08,2024-12-12,train,2024-12-29,2025-02-26
250,S45G01N85,2024-12-14,2024-2025,55,서울 SK,10,울산 현대모비스,0,10,season_reset,0,2024-11-06,2024-12-10,2024-11-08,2024-12-12,train,2024-12-29,2025-02-26
251,S45G01N86,2024-12-15,2024-2025,60,부산 KCC,50,창원 LG,0,10,season_reset,0,2024-11-03,2024-12-14,2024-11-07,2024-12-13,train,2024-12-29,2025-02-26
252,S45G01N87,2024-12-15,2024-2025,70,안양 정관장,66,고양 소노,1,10,season_reset,0,2024-11-07,2024-12-13,2024-11-08,2024-12-13,train,2024-12-29,2025-02-26
253,S45G01N88,2024-12-15,2024-2025,55,서울 SK,35,서울 삼성,0,10,season_reset,0,2024-11-09,2024-12-14,2024-11-02,2024-12-13,train,2024-12-29,2025-02-26
254,S45G01N89,2024-12-16,2024-2025,16,원주 DB,06,수원 KT,1,10,season_reset,0,2024-11-08,2024-12-14,2024-11-07,2024-12-14,train,2024-12-29,2025-02-26
255,S45G01N90,2024-12-17,2024-2025,50,창원 LG,35,서울 삼성,1,10,season_reset,0,2024-11-09,2024-12-15,2024-11-07,2024-12-15,train,2024-12-29,2025-02-26
256,S45G01N91,2024-12-18,2024-2025,66,고양 소노,06,수원 KT,1,10,season_reset,0,2024-11-10,2024-12-15,2024-11-09,2024-12-16,train,2024-12-29,2025-02-26
257,S45G01N92,2024-12-19,2024-2025,10,울산 현대모비스,35,서울 삼성,1,10,season_reset,0,2024-11-10,2024-12-14,2024-11-09,2024-12-17,train,2024-12-29,2025-02-26
258,S45G01N93,2024-12-19,2024-2025,16,원주 DB,70,안양 정관장,1,10,season_reset,0,2024-11-10,2024-12-16,2024-11-09,2024-12-15,train,2024-12-29,2025-02-26
259,S45G01N94,2024-12-20,2024-2025,50,창원 LG,60,부산 KCC,1,10,season_reset,0,2024-11-10,2024-12-17,2024-11-09,2024-12-15,train,2024-12-29,2025-02-26
260,S45G01N95,2024-12-20,2024-2025,06,수원 KT,64,대구 한국가스공사,1,10,season_reset,0,2024-11-11,2024-12-18,2024-11-10,2024-12-14,train,2024-12-29,2025-02-26
261,S45G01N96,2024-12-21,2024-2025,66,고양 소노,35,서울 삼성,1,10,season_reset,0,2024-11-13,2024-12-18,2024-11-28,2024-12-19,train,2024-12-29,2025-02-26
262,S45G01N97,2024-12-21,2024-2025,70,안양 정관장,55,서울 SK,0,10,season_reset,0,2024-11-11,2024-12-19,2024-11-10,2024-12-15,train,2024-12-29,2025-02-26
263,S45G01N98,2024-12-21,2024-2025,16,원주 DB,10,울산 현대모비스,1,10,season_reset,0,2024-11-12,2024-12-19,2024-11-13,2024-12-19,train,2024-12-29,2025-02-26
264,S45G01N100,2024-12-22,2024-2025,70,안양 정관장,50,창원 LG,0,10,season_reset,0,2024-11-29,2024-12-21,2024-11-14,2024-12-20,train,2024-12-29,2025-02-26
265,S45G01N99,2024-12-22,2024-2025,60,부산 KCC,64,대구 한국가스공사,0,10,season_reset,0,2024-11-27,2024-12-20,2024-11-14,2024-12-20,train,2024-12-29,2025-02-26
266,S45G01N101,2024-12-22,2024-2025,16,원주 DB,06,수원 KT,0,10,season_reset,0,2024-11-14,2024-12-21,2024-11-14,2024-12-20,train,2024-12-29,2025-02-26
267,S45G01N102,2024-12-24,2024-2025,06,수원 KT,10,울산 현대모비스,1,10,season_reset,0,2024-11-28,2024-12-22,2024-11-27,2024-12-21,train,2024-12-29,2025-02-26
268,S45G01N103,2024-12-25,2024-2025,60,부산 KCC,70,안양 정관장,1,10,season_reset,0,2024-11-29,2024-12-22,2024-12-01,2024-12-22,train,2024-12-29,2025-02-26
269,S45G01N104,2024-12-25,2024-2025,66,고양 소노,16,원주 DB,1,10,season_reset,0,2024-11-28,2024-12-21,2024-11-28,2024-12-22,train,2024-12-29,2025-02-26
270,S45G01N105,2024-12-25,2024-2025,55,서울 SK,35,서울 삼성,1,10,season_reset,0,2024-11-12,2024-12-21,2024-11-30,2024-12-21,train,2024-12-29,2025-02-26
271,S45G01N106,2024-12-26,2024-2025,64,대구 한국가스공사,50,창원 LG,0,10,season_reset,0,2024-11-29,2024-12-22,2024-11-27,2024-12-22,train,2024-12-29,2025-02-26
272,S45G01N107,2024-12-27,2024-2025,60,부산 KCC,10,울산 현대모비스,0,10,season_reset,0,2024-12-01,2024-12-25,2024-11-30,2024-12-24,train,2024-12-29,2025-02-26
273,S45G01N108,2024-12-27,2024-2025,16,원주 DB,55,서울 SK,1,10,season_reset,0,2024-11-30,2024-12-25,2024-11-27,2024-12-25,train,2024-12-29,2025-02-26
274,S45G01N109,2024-12-28,2024-2025,50,창원 LG,06,수원 KT,1,10,season_reset,0,2024-11-30,2024-12-26,2024-11-30,2024-12-24,train,2024-12-29,2025-02-26
275,S45G01N110,2024-12-28,2024-2025,64,대구 한국가스공사,66,고양 소노,1,10,season_reset,0,2024-12-01,2024-12-26,2024-11-30,2024-12-25,train,2024-12-29,2025-02-26
276,S45G01N111,2024-12-28,2024-2025,70,안양 정관장,35,서울 삼성,0,10,season_reset,0,2024-12-04,2024-12-25,2024-12-02,2024-12-25,train,2024-12-29,2025-02-26
277,S45G01N112,2024-12-29,2024-2025,50,창원 LG,16,원주 DB,1,10,season_reset,0,2024-12-05,2024-12-28,2024-12-04,2024-12-27,train,2024-12-29,2025-02-26
278,S45G01N113,2024-12-29,2024-2025,10,울산 현대모비스,66,고양 소노,1,10,season_reset,0,2024-12-02,2024-12-27,2024-12-01,2024-12-28,train,2024-12-29,2025-02-26
279,S45G01N114,2024-12-29,2024-2025,60,부산 KCC,55,서울 SK,0,10,season_reset,0,2024-12-07,2024-12-27,2024-11-29,2024-12-27,train,2024-12-29,2025-02-26
280,S45G01N115,2024-12-31,2024-2025,10,울산 현대모비스,64,대구 한국가스공사,1,10,season_reset,0,2024-12-05,2024-12-29,2024-12-03,2024-12-28,validation,2024-12-29,2025-02-26
281,S45G01N116,2025-01-01,2024-2025,06,수원 KT,60,부산 KCC,1,10,season_reset,0,2024-12-01,2024-12-28,2024-12-08,2024-12-29,validation,2024-12-29,2025-02-26
282,S45G01N117,2025-01-01,2024-2025,50,창원 LG,55,서울 SK,0,10,season_reset,0,2024-12-07,2024-12-29,2024-12-01,2024-12-29,validation,2024-12-29,2025-02-26
283,S45G01N118,2025-01-01,2024-2025,70,안양 정관장,66,고양 소노,0,10,season_reset,0,2024-12-06,2024-12-28,2024-12-03,2024-12-29,validation,2024-12-29,2025-02-26
284,S45G01N119,2025-01-02,2024-2025,35,서울 삼성,16,원주 DB,0,10,season_reset,0,2024-12-05,2024-12-28,2024-12-07,2024-12-29,validation,2024-12-29,2025-02-26
285,S45G01N120,2025-01-03,2024-2025,06,수원 KT,70,안양 정관장,1,10,season_reset,0,2024-12-06,2025-01-01,2024-12-08,2025-01-01,validation,2024-12-29,2025-02-26
286,S45G01N121,2025-01-03,2024-2025,55,서울 SK,66,고양 소노,1,10,season_reset,0,2024-12-06,2025-01-01,2024-12-06,2025-01-01,validation,2024-12-29,2025-02-26
287,S45G01N122,2025-01-04,2024-2025,10,울산 현대모비스,50,창원 LG,1,10,season_reset,0,2024-12-07,2024-12-31,2024-12-09,2025-01-01,validation,2024-12-29,2025-02-26
288,S45G01N123,2025-01-04,2024-2025,35,서울 삼성,64,대구 한국가스공사,0,10,season_reset,0,2024-12-07,2025-01-02,2024-12-05,2024-12-31,validation,2024-12-29,2025-02-26
289,S45G01N124,2025-01-04,2024-2025,60,부산 KCC,16,원주 DB,0,10,season_reset,0,2024-12-10,2025-01-01,2024-12-12,2025-01-02,validation,2024-12-29,2025-02-26
290,S45G01N125,2025-01-05,2024-2025,50,창원 LG,66,고양 소노,1,10,season_reset,0,2024-12-13,2025-01-04,2024-12-08,2025-01-03,validation,2024-12-29,2025-02-26
291,S45G01N126,2025-01-05,2024-2025,55,서울 SK,06,수원 KT,1,10,season_reset,0,2024-12-08,2025-01-03,2024-12-08,2025-01-03,validation,2024-12-29,2025-02-26
292,S45G01N127,2025-01-05,2024-2025,70,안양 정관장,64,대구 한국가스공사,0,10,season_reset,0,2024-12-11,2025-01-03,2024-12-07,2025-01-04,validation,2024-12-29,2025-02-26
293,S45G01N128,2025-01-06,2024-2025,35,서울 삼성,60,부산 KCC,1,10,season_reset,0,2024-12-11,2025-01-04,2024-12-12,2025-01-04,validation,2024-12-29,2025-02-26
294,S45G01N129,2025-01-07,2024-2025,55,서울 SK,64,대구 한국가스공사,1,10,season_reset,0,2024-12-10,2025-01-05,2024-12-09,2025-01-05,validation,2024-12-29,2025-02-26
295,S45G01N130,2025-01-08,2024-2025,10,울산 현대모비스,70,안양 정관장,1,10,season_reset,0,2024-12-08,2025-01-04,2024-12-13,2025-01-05,validation,2024-12-29,2025-02-26
296,S45G01N131,2025-01-09,2024-2025,35,서울 삼성,50,창원 LG,1,10,season_reset,0,2024-12-13,2025-01-06,2024-12-15,2025-01-05,validation,2024-12-29,2025-02-26
297,S45G01N132,2025-01-09,2024-2025,66,고양 소노,60,부산 KCC,0,10,season_reset,0,2024-12-13,2025-01-05,2024-12-14,2025-01-06,validation,2024-12-29,2025-02-26
298,S45G01N133,2025-01-10,2024-2025,55,서울 SK,10,울산 현대모비스,1,10,season_reset,0,2024-12-14,2025-01-07,2024-12-12,2025-01-08,validation,2024-12-29,2025-02-26
299,S45G01N134,2025-01-10,2024-2025,64,대구 한국가스공사,16,원주 DB,1,10,season_reset,0,2024-12-12,2025-01-07,2024-12-14,2025-01-04,validation,2024-12-29,2025-02-26
300,S45G01N135,2025-01-11,2024-2025,06,수원 KT,35,서울 삼성,0,10,season_reset,0,2024-12-14,2025-01-05,2024-12-15,2025-01-09,validation,2024-12-29,2025-02-26
301,S45G01N136,2025-01-11,2024-2025,70,안양 정관장,50,창원 LG,0,10,season_reset,0,2024-12-15,2025-01-08,2024-12-17,2025-01-09,validation,2024-12-29,2025-02-26
302,S45G01N137,2025-01-11,2024-2025,66,고양 소노,60,부산 KCC,0,10,season_reset,0,2024-12-15,2025-01-09,2024-12-15,2025-01-09,validation,2024-12-29,2025-02-26
303,S45G01N138,2025-01-12,2024-2025,16,원주 DB,10,울산 현대모비스,0,10,season_reset,0,2024-12-16,2025-01-10,2024-12-14,2025-01-10,validation,2024-12-29,2025-02-26
304,S45G01N139,2025-01-12,2024-2025,70,안양 정관장,64,대구 한국가스공사,1,10,season_reset,0,2024-12-19,2025-01-11,2024-12-14,2025-01-10,validation,2024-12-29,2025-02-26
305,S45G01N140,2025-01-12,2024-2025,66,고양 소노,55,서울 SK,0,10,season_reset,0,2024-12-18,2025-01-11,2024-12-15,2025-01-10,validation,2024-12-29,2025-02-26
306,S45G01N141,2025-01-13,2024-2025,60,부산 KCC,35,서울 삼성,0,10,season_reset,0,2024-12-20,2025-01-11,2024-12-17,2025-01-11,validation,2024-12-29,2025-02-26
307,S45G01N142,2025-01-13,2024-2025,06,수원 KT,50,창원 LG,0,10,season_reset,0,2024-12-16,2025-01-11,2024-12-20,2025-01-11,validation,2024-12-29,2025-02-26
308,S45G01N143,2025-01-14,2024-2025,16,원주 DB,64,대구 한국가스공사,1,10,season_reset,0,2024-12-19,2025-01-12,2024-12-20,2025-01-12,validation,2024-12-29,2025-02-26
309,S45G01N144,2025-01-14,2024-2025,55,서울 SK,70,안양 정관장,1,10,season_reset,0,2024-12-21,2025-01-12,2024-12-21,2025-01-12,validation,2024-12-29,2025-02-26
310,S45G01N145,2025-01-15,2024-2025,50,창원 LG,35,서울 삼성,1,10,season_reset,0,2024-12-22,2025-01-13,2024-12-19,2025-01-13,validation,2024-12-29,2025-02-26
311,S45G01N146,2025-01-15,2024-2025,66,고양 소노,10,울산 현대모비스,1,10,season_reset,0,2024-12-21,2025-01-12,2024-12-19,2025-01-12,validation,2024-12-29,2025-02-26
312,S45G01N147,2025-01-16,2024-2025,55,서울 SK,16,원주 DB,1,10,season_reset,0,2024-12-25,2025-01-14,2024-12-21,2025-01-14,validation,2024-12-29,2025-02-26
313,S45G01N148,2025-01-16,2024-2025,64,대구 한국가스공사,06,수원 KT,1,10,season_reset,0,2024-12-22,2025-01-14,2024-12-18,2025-01-13,validation,2024-12-29,2025-02-26
314,S45G01N149,2025-01-22,2024-2025,06,수원 KT,35,서울 삼성,1,10,season_reset,0,2024-12-20,2025-01-16,2024-12-21,2025-01-15,validation,2024-12-29,2025-02-26
315,S45G01N150,2025-01-22,2024-2025,70,안양 정관장,16,원주 DB,0,10,season_reset,0,2024-12-22,2025-01-14,2024-12-22,2025-01-16,validation,2024-12-29,2025-02-26
316,S45G01N151,2025-01-23,2024-2025,10,울산 현대모비스,55,서울 SK,0,10,season_reset,0,2024-12-21,2025-01-15,2024-12-27,2025-01-16,validation,2024-12-29,2025-02-26
317,S45G01N152,2025-01-23,2024-2025,50,창원 LG,66,고양 소노,1,10,season_reset,0,2024-12-26,2025-01-15,2024-12-25,2025-01-15,validation,2024-12-29,2025-02-26
318,S45G01N153,2025-01-24,2024-2025,06,수원 KT,70,안양 정관장,0,10,season_reset,0,2024-12-22,2025-01-22,2024-12-25,2025-01-22,validation,2024-12-29,2025-02-26
319,S45G01N154,2025-01-24,2024-2025,16,원주 DB,35,서울 삼성,1,10,season_reset,0,2024-12-25,2025-01-22,2024-12-25,2025-01-22,validation,2024-12-29,2025-02-26
320,S45G01N155,2025-01-25,2024-2025,60,부산 KCC,55,서울 SK,1,10,season_reset,0,2024-12-22,2025-01-13,2024-12-29,2025-01-23,validation,2024-12-29,2025-02-26
321,S45G01N156,2025-01-25,2024-2025,50,창원 LG,10,울산 현대모비스,1,10,season_reset,0,2024-12-28,2025-01-23,2024-12-24,2025-01-23,validation,2024-12-29,2025-02-26
322,S45G01N157,2025-01-25,2024-2025,66,고양 소노,64,대구 한국가스공사,0,10,season_reset,0,2024-12-28,2025-01-23,2024-12-26,2025-01-16,validation,2024-12-29,2025-02-26
323,S45G01N158,2025-01-26,2024-2025,10,울산 현대모비스,06,수원 KT,0,10,season_reset,0,2024-12-27,2025-01-25,2024-12-24,2025-01-24,validation,2024-12-29,2025-02-26
324,S45G01N159,2025-01-26,2024-2025,35,서울 삼성,70,안양 정관장,0,10,season_reset,0,2024-12-28,2025-01-24,2024-12-28,2025-01-24,validation,2024-12-29,2025-02-26
325,S45G01N160,2025-01-26,2024-2025,60,부산 KCC,16,원주 DB,1,10,season_reset,0,2024-12-25,2025-01-25,2024-12-27,2025-01-24,validation,2024-12-29,2025-02-26
326,S45G01N161,2025-01-28,2024-2025,64,대구 한국가스공사,60,부산 KCC,0,10,season_reset,0,2024-12-28,2025-01-25,2024-12-27,2025-01-26,validation,2024-12-29,2025-02-26
327,S45G01N162,2025-01-28,2024-2025,66,고양 소노,70,안양 정관장,0,10,season_reset,0,2024-12-29,2025-01-25,2025-01-01,2025-01-26,validation,2024-12-29,2025-02-26
328,S45G01N163,2025-01-29,2024-2025,35,서울 삼성,55,서울 SK,0,10,season_reset,0,2025-01-02,2025-01-26,2025-01-01,2025-01-25,validation,2024-12-29,2025-02-26
329,S45G01N164,2025-01-29,2024-2025,16,원주 DB,06,수원 KT,0,10,season_reset,0,2024-12-29,2025-01-26,2024-12-28,2025-01-26,validation,2024-12-29,2025-02-26
330,S45G01N165,2025-01-30,2024-2025,50,창원 LG,64,대구 한국가스공사,1,10,season_reset,0,2024-12-29,2025-01-25,2024-12-31,2025-01-28,validation,2024-12-29,2025-02-26
331,S45G01N166,2025-01-30,2024-2025,10,울산 현대모비스,60,부산 KCC,1,10,season_reset,0,2024-12-29,2025-01-26,2024-12-29,2025-01-28,validation,2024-12-29,2025-02-26
332,S45G01N167,2025-01-31,2024-2025,06,수원 KT,66,고양 소노,1,10,season_reset,0,2025-01-01,2025-01-29,2025-01-01,2025-01-28,validation,2024-12-29,2025-02-26
333,S45G01N168,2025-02-01,2024-2025,16,원주 DB,50,창원 LG,0,10,season_reset,0,2025-01-02,2025-01-29,2025-01-01,2025-01-30,validation,2024-12-29,2025-02-26
334,S45G01N169,2025-02-01,2024-2025,64,대구 한국가스공사,55,서울 SK,0,10,season_reset,0,2025-01-04,2025-01-30,2025-01-03,2025-01-29,validation,2024-12-29,2025-02-26
335,S45G01N170,2025-02-01,2024-2025,70,안양 정관장,10,울산 현대모비스,1,10,season_reset,0,2025-01-03,2025-01-28,2024-12-31,2025-01-30,validation,2024-12-29,2025-02-26
336,S45G01N171,2025-02-02,2024-2025,60,부산 KCC,06,수원 KT,0,10,season_reset,0,2025-01-01,2025-01-30,2025-01-03,2025-01-31,validation,2024-12-29,2025-02-26
337,S45G01N172,2025-02-02,2024-2025,64,대구 한국가스공사,35,서울 삼성,1,10,season_reset,0,2025-01-05,2025-02-01,2025-01-04,2025-01-29,validation,2024-12-29,2025-02-26
338,S45G01N173,2025-02-02,2024-2025,66,고양 소노,16,원주 DB,1,10,season_reset,0,2025-01-03,2025-01-31,2025-01-04,2025-02-01,validation,2024-12-29,2025-02-26
339,S45G01N174,2025-02-03,2024-2025,55,서울 SK,50,창원 LG,1,10,season_reset,0,2025-01-05,2025-02-01,2025-01-04,2025-02-01,validation,2024-12-29,2025-02-26
340,S45G01N175,2025-02-04,2024-2025,60,부산 KCC,70,안양 정관장,0,10,season_reset,0,2025-01-04,2025-02-02,2025-01-05,2025-02-01,validation,2024-12-29,2025-02-26
341,S45G01N176,2025-02-05,2024-2025,35,서울 삼성,10,울산 현대모비스,0,10,season_reset,0,2025-01-06,2025-02-02,2025-01-04,2025-02-01,validation,2024-12-29,2025-02-26
342,S45G01N177,2025-02-06,2024-2025,50,창원 LG,60,부산 KCC,1,10,season_reset,0,2025-01-05,2025-02-03,2025-01-06,2025-02-04,validation,2024-12-29,2025-02-26
343,S45G01N178,2025-02-06,2024-2025,55,서울 SK,06,수원 KT,1,10,season_reset,0,2025-01-07,2025-02-03,2025-01-05,2025-02-02,validation,2024-12-29,2025-02-26
344,S45G01N179,2025-02-07,2024-2025,10,울산 현대모비스,64,대구 한국가스공사,0,10,season_reset,0,2025-01-08,2025-02-05,2025-01-07,2025-02-02,validation,2024-12-29,2025-02-26
345,S45G01N180,2025-02-07,2024-2025,35,서울 삼성,66,고양 소노,1,10,season_reset,0,2025-01-09,2025-02-05,2025-01-05,2025-02-02,validation,2024-12-29,2025-02-26
346,S45G01N181,2025-02-08,2024-2025,60,부산 KCC,50,창원 LG,0,10,season_reset,0,2025-01-09,2025-02-06,2025-01-09,2025-02-06,validation,2024-12-29,2025-02-26
347,S45G01N182,2025-02-08,2024-2025,55,서울 SK,70,안양 정관장,1,10,season_reset,0,2025-01-10,2025-02-06,2025-01-08,2025-02-04,validation,2024-12-29,2025-02-26
348,S45G01N183,2025-02-08,2024-2025,06,수원 KT,16,원주 DB,1,10,season_reset,0,2025-01-11,2025-02-06,2025-01-10,2025-02-02,validation,2024-12-29,2025-02-26
349,S45G01N184,2025-02-09,2024-2025,64,대구 한국가스공사,10,울산 현대모비스,0,10,season_reset,0,2025-01-10,2025-02-07,2025-01-10,2025-02-07,validation,2024-12-29,2025-02-26
350,S45G01N185,2025-02-09,2024-2025,35,서울 삼성,66,고양 소노,0,10,season_reset,0,2025-01-11,2025-02-07,2025-01-09,2025-02-07,validation,2024-12-29,2025-02-26
351,S45G01N186,2025-02-09,2024-2025,06,수원 KT,55,서울 SK,0,10,season_reset,0,2025-01-13,2025-02-08,2025-01-12,2025-02-08,validation,2024-12-29,2025-02-26
352,S45G01N187,2025-02-10,2024-2025,70,안양 정관장,60,부산 KCC,1,10,season_reset,0,2025-01-11,2025-02-08,2025-01-11,2025-02-08,validation,2024-12-29,2025-02-26
353,S45G01N188,2025-02-11,2024-2025,66,고양 소노,10,울산 현대모비스,0,10,season_reset,0,2025-01-11,2025-02-09,2025-01-12,2025-02-09,validation,2024-12-29,2025-02-26
354,S45G01N189,2025-02-12,2024-2025,55,서울 SK,50,창원 LG,0,10,season_reset,0,2025-01-14,2025-02-09,2025-01-11,2025-02-08,validation,2024-12-29,2025-02-26
355,S45G01N190,2025-02-13,2024-2025,16,원주 DB,60,부산 KCC,1,10,season_reset,0,2025-01-12,2025-02-08,2025-01-13,2025-02-10,validation,2024-12-29,2025-02-26
356,S45G01N191,2025-02-26,2024-2025,60,부산 KCC,66,고양 소노,0,10,season_reset,0,2025-01-25,2025-02-13,2025-01-12,2025-02-11,validation,2024-12-29,2025-02-26
357,S45G01N192,2025-02-26,2024-2025,70,안양 정관장,06,수원 KT,0,10,season_reset,0,2025-01-12,2025-02-10,2025-01-16,2025-02-09,validation,2024-12-29,2025-02-26
358,S45G01N193,2025-02-27,2024-2025,16,원주 DB,64,대구 한국가스공사,1,10,season_reset,0,2025-01-14,2025-02-13,2025-01-12,2025-02-09,test,2024-12-29,2025-02-26
359,S45G01N194,2025-02-27,2024-2025,50,창원 LG,35,서울 삼성,1,10,season_reset,0,2025-01-13,2025-02-12,2025-01-13,2025-02-09,test,2024-12-29,2025-02-26
360,S45G01N195,2025-02-28,2024-2025,60,부산 KCC,06,수원 KT,0,10,season_reset,0,2025-01-26,2025-02-26,2025-01-22,2025-02-26,test,2024-12-29,2025-02-26
361,S45G01N196,2025-02-28,2024-2025,10,울산 현대모비스,55,서울 SK,0,10,season_reset,0,2025-01-15,2025-02-11,2025-01-16,2025-02-12,test,2024-12-29,2025-02-26
362,S45G01N197,2025-03-01,2024-2025,16,원주 DB,66,고양 소노,0,10,season_reset,0,2025-01-16,2025-02-27,2025-01-15,2025-02-26,test,2024-12-29,2025-02-26
363,S45G01N198,2025-03-01,2024-2025,35,서울 삼성,64,대구 한국가스공사,0,10,season_reset,0,2025-01-15,2025-02-27,2025-01-14,2025-02-27,test,2024-12-29,2025-02-26
364,S45G01N199,2025-03-01,2024-2025,50,창원 LG,70,안양 정관장,0,10,season_reset,0,2025-01-15,2025-02-27,2025-01-14,2025-02-26,test,2024-12-29,2025-02-26
365,S45G01N200,2025-03-02,2024-2025,55,서울 SK,60,부산 KCC,1,10,season_reset,0,2025-01-23,2025-02-28,2025-01-28,2025-02-28,test,2024-12-29,2025-02-26
366,S45G01N201,2025-03-02,2024-2025,10,울산 현대모비스,06,수원 KT,0,10,season_reset,0,2025-01-23,2025-02-28,2025-01-24,2025-02-28,test,2024-12-29,2025-02-26
367,S45G01N202,2025-03-02,2024-2025,66,고양 소노,64,대구 한국가스공사,0,10,season_reset,0,2025-01-23,2025-03-01,2025-01-16,2025-03-01,test,2024-12-29,2025-02-26
368,S45G01N203,2025-03-03,2024-2025,16,원주 DB,50,창원 LG,1,10,season_reset,0,2025-01-22,2025-03-01,2025-01-23,2025-03-01,test,2024-12-29,2025-02-26
369,S45G01N204,2025-03-03,2024-2025,35,서울 삼성,70,안양 정관장,0,10,season_reset,0,2025-01-22,2025-03-01,2025-01-22,2025-03-01,test,2024-12-29,2025-02-26
370,S45G01N205,2025-03-04,2024-2025,06,수원 KT,64,대구 한국가스공사,1,10,season_reset,0,2025-01-26,2025-03-02,2025-01-25,2025-03-02,test,2024-12-29,2025-02-26
371,S45G01N206,2025-03-05,2024-2025,35,서울 삼성,55,서울 SK,0,10,season_reset,0,2025-01-24,2025-03-03,2025-01-25,2025-03-02,test,2024-12-29,2025-02-26
372,S45G01N207,2025-03-06,2024-2025,10,울산 현대모비스,16,원주 DB,1,10,season_reset,0,2025-01-25,2025-03-02,2025-01-24,2025-03-03,test,2024-12-29,2025-02-26
373,S45G01N208,2025-03-07,2024-2025,64,대구 한국가스공사,50,창원 LG,0,10,season_reset,0,2025-01-28,2025-03-04,2025-01-25,2025-03-03,test,2024-12-29,2025-02-26
374,S45G01N209,2025-03-07,2024-2025,66,고양 소노,55,서울 SK,0,10,season_reset,0,2025-01-25,2025-03-02,2025-01-29,2025-03-05,test,2024-12-29,2025-02-26
375,S45G01N210,2025-03-08,2024-2025,16,원주 DB,35,서울 삼성,0,10,season_reset,0,2025-01-26,2025-03-06,2025-01-26,2025-03-05,test,2024-12-29,2025-02-26
376,S45G01N211,2025-03-08,2024-2025,70,안양 정관장,10,울산 현대모비스,0,10,season_reset,0,2025-01-24,2025-03-03,2025-01-26,2025-03-06,test,2024-12-29,2025-02-26
377,S45G01N212,2025-03-09,2024-2025,55,서울 SK,64,대구 한국가스공사,1,10,season_reset,0,2025-02-01,2025-03-07,2025-01-30,2025-03-07,test,2024-12-29,2025-02-26
378,S45G01N213,2025-03-09,2024-2025,50,창원 LG,66,고양 소노,1,10,season_reset,0,2025-01-30,2025-03-07,2025-01-28,2025-03-07,test,2024-12-29,2025-02-26
379,S45G01N214,2025-03-10,2024-2025,70,안양 정관장,16,원주 DB,1,10,season_reset,0,2025-01-26,2025-03-08,2025-01-29,2025-03-08,test,2024-12-29,2025-02-26
380,S45G01N215,2025-03-11,2024-2025,10,울산 현대모비스,35,서울 삼성,1,10,season_reset,0,2025-01-30,2025-03-08,2025-01-29,2025-03-08,test,2024-12-29,2025-02-26
381,S45G01N216,2025-03-12,2024-2025,64,대구 한국가스공사,70,안양 정관장,1,10,season_reset,0,2025-02-01,2025-03-09,2025-01-28,2025-03-10,test,2024-12-29,2025-02-26
382,S45G01N217,2025-03-13,2024-2025,60,부산 KCC,35,서울 삼성,0,10,season_reset,0,2025-01-30,2025-03-02,2025-02-02,2025-03-11,test,2024-12-29,2025-02-26
383,S45G01N218,2025-03-13,2024-2025,06,수원 KT,66,고양 소노,1,10,season_reset,0,2025-01-29,2025-03-04,2025-01-31,2025-03-09,test,2024-12-29,2025-02-26
384,S45G01N219,2025-03-14,2024-2025,50,창원 LG,10,울산 현대모비스,1,10,season_reset,0,2025-02-01,2025-03-09,2025-02-01,2025-03-11,test,2024-12-29,2025-02-26
385,S45G01N220,2025-03-14,2024-2025,55,서울 SK,16,원주 DB,0,10,season_reset,0,2025-02-03,2025-03-09,2025-02-01,2025-03-10,test,2024-12-29,2025-02-26
386,S45G01N221,2025-03-15,2024-2025,64,대구 한국가스공사,60,부산 KCC,1,10,season_reset,0,2025-02-02,2025-03-12,2025-02-02,2025-03-13,test,2024-12-29,2025-02-26
387,S45G01N222,2025-03-15,2024-2025,35,서울 삼성,06,수원 KT,1,10,season_reset,0,2025-02-05,2025-03-13,2025-01-31,2025-03-13,test,2024-12-29,2025-02-26
388,S45G01N223,2025-03-15,2024-2025,66,고양 소노,70,안양 정관장,0,10,season_reset,0,2025-02-02,2025-03-13,2025-02-01,2025-03-12,test,2024-12-29,2025-02-26
389,S45G01N224,2025-03-16,2024-2025,06,수원 KT,50,창원 LG,1,10,season_reset,0,2025-02-02,2025-03-15,2025-02-03,2025-03-14,test,2024-12-29,2025-02-26
390,S45G01N225,2025-03-16,2024-2025,10,울산 현대모비스,60,부산 KCC,0,10,season_reset,0,2025-02-05,2025-03-14,2025-02-04,2025-03-15,test,2024-12-29,2025-02-26
391,S45G01N226,2025-03-16,2024-2025,16,원주 DB,55,서울 SK,0,10,season_reset,0,2025-02-02,2025-03-14,2025-02-06,2025-03-14,test,2024-12-29,2025-02-26
392,S45G01N227,2025-03-17,2024-2025,64,대구 한국가스공사,70,안양 정관장,0,10,season_reset,0,2025-02-07,2025-03-15,2025-02-04,2025-03-15,test,2024-12-29,2025-02-26
393,S45G01N228,2025-03-18,2024-2025,10,울산 현대모비스,60,부산 KCC,1,10,season_reset,0,2025-02-07,2025-03-16,2025-02-06,2025-03-16,test,2024-12-29,2025-02-26
394,S45G01N229,2025-03-19,2024-2025,06,수원 KT,55,서울 SK,0,10,season_reset,0,2025-02-06,2025-03-16,2025-02-08,2025-03-16,test,2024-12-29,2025-02-26
395,S45G01N230,2025-03-20,2024-2025,66,고양 소노,64,대구 한국가스공사,1,10,season_reset,0,2025-02-07,2025-03-15,2025-02-09,2025-03-17,test,2024-12-29,2025-02-26
396,S45G01N231,2025-03-20,2024-2025,50,창원 LG,16,원주 DB,1,10,season_reset,0,2025-02-06,2025-03-16,2025-02-08,2025-03-16,test,2024-12-29,2025-02-26
397,S45G01N232,2025-03-21,2024-2025,55,서울 SK,10,울산 현대모비스,1,10,season_reset,0,2025-02-09,2025-03-19,2025-02-09,2025-03-18,test,2024-12-29,2025-02-26
398,S45G01N233,2025-03-21,2024-2025,70,안양 정관장,60,부산 KCC,1,10,season_reset,0,2025-02-08,2025-03-17,2025-02-08,2025-03-18,test,2024-12-29,2025-02-26
399,S45G01N234,2025-03-22,2024-2025,50,창원 LG,06,수원 KT,0,10,season_reset,0,2025-02-08,2025-03-20,2025-02-08,2025-03-19,test,2024-12-29,2025-02-26
400,S45G01N235,2025-03-22,2024-2025,64,대구 한국가스공사,16,원주 DB,0,10,season_reset,0,2025-02-27,2025-03-20,2025-02-13,2025-03-20,test,2024-12-29,2025-02-26
401,S45G01N236,2025-03-22,2024-2025,66,고양 소노,35,서울 삼성,1,10,season_reset,0,2025-02-09,2025-03-20,2025-02-07,2025-03-15,test,2024-12-29,2025-02-26
402,S45G01N237,2025-03-23,2024-2025,55,서울 SK,60,부산 KCC,0,10,season_reset,0,2025-02-12,2025-03-21,2025-02-10,2025-03-21,test,2024-12-29,2025-02-26
403,S45G01N238,2025-03-23,2024-2025,70,안양 정관장,10,울산 현대모비스,1,10,season_reset,0,2025-02-10,2025-03-21,2025-02-11,2025-03-21,test,2024-12-29,2025-02-26
404,S45G01N239,2025-03-23,2024-2025,50,창원 LG,64,대구 한국가스공사,1,10,season_reset,0,2025-02-12,2025-03-22,2025-03-01,2025-03-22,test,2024-12-29,2025-02-26
405,S45G01N240,2025-03-24,2024-2025,35,서울 삼성,06,수원 KT,0,10,season_reset,0,2025-02-09,2025-03-22,2025-02-09,2025-03-22,test,2024-12-29,2025-02-26
406,S45G01N241,2025-03-25,2024-2025,70,안양 정관장,66,고양 소노,1,10,season_reset,0,2025-02-26,2025-03-23,2025-02-11,2025-03-22,test,2024-12-29,2025-02-26
407,S45G01N242,2025-03-26,2024-2025,35,서울 삼성,50,창원 LG,0,10,season_reset,0,2025-02-27,2025-03-24,2025-02-27,2025-03-23,test,2024-12-29,2025-02-26
408,S45G01N243,2025-03-27,2024-2025,06,수원 KT,66,고양 소노,1,10,season_reset,0,2025-02-26,2025-03-24,2025-02-26,2025-03-25,test,2024-12-29,2025-02-26
409,S45G01N244,2025-03-27,2024-2025,16,원주 DB,10,울산 현대모비스,0,10,season_reset,0,2025-02-27,2025-03-22,2025-02-28,2025-03-23,test,2024-12-29,2025-02-26
410,S45G01N245,2025-03-28,2024-2025,60,부산 KCC,64,대구 한국가스공사,0,10,season_reset,0,2025-02-13,2025-03-23,2025-03-02,2025-03-23,test,2024-12-29,2025-02-26
411,S45G01N246,2025-03-28,2024-2025,55,서울 SK,50,창원 LG,1,10,season_reset,0,2025-02-28,2025-03-23,2025-03-01,2025-03-26,test,2024-12-29,2025-02-26
412,S45G01N247,2025-03-29,2024-2025,10,울산 현대모비스,66,고양 소노,1,10,season_reset,0,2025-03-02,2025-03-27,2025-03-01,2025-03-27,test,2024-12-29,2025-02-26
413,S45G01N248,2025-03-29,2024-2025,35,서울 삼성,70,안양 정관장,0,10,season_reset,0,2025-03-01,2025-03-26,2025-03-01,2025-03-25,test,2024-12-29,2025-02-26
414,S45G01N249,2025-03-29,2024-2025,06,수원 KT,16,원주 DB,1,10,season_reset,0,2025-02-28,2025-03-27,2025-03-01,2025-03-27,test,2024-12-29,2025-02-26
415,S45G01N250,2025-03-30,2024-2025,60,부산 KCC,50,창원 LG,0,10,season_reset,0,2025-02-26,2025-03-28,2025-03-03,2025-03-28,test,2024-12-29,2025-02-26
416,S45G01N251,2025-03-30,2024-2025,64,대구 한국가스공사,55,서울 SK,1,10,season_reset,0,2025-03-04,2025-03-28,2025-03-02,2025-03-28,test,2024-12-29,2025-02-26
417,S45G01N252,2025-03-30,2024-2025,35,서울 삼성,16,원주 DB,0,10,season_reset,0,2025-03-03,2025-03-29,2025-03-03,2025-03-29,test,2024-12-29,2025-02-26
418,S45G01N253,2025-03-31,2024-2025,70,안양 정관장,06,수원 KT,0,10,season_reset,0,2025-03-03,2025-03-29,2025-03-02,2025-03-29,test,2024-12-29,2025-02-26
419,S45G01N254,2025-04-01,2024-2025,35,서울 삼성,64,대구 한국가스공사,0,10,season_reset,0,2025-03-05,2025-03-30,2025-03-07,2025-03-30,test,2024-12-29,2025-02-26
420,S45G01N255,2025-04-02,2024-2025,60,부산 KCC,66,고양 소노,1,10,season_reset,0,2025-02-28,2025-03-30,2025-03-02,2025-03-29,test,2024-12-29,2025-02-26
421,S45G01N256,2025-04-03,2024-2025,50,창원 LG,70,안양 정관장,1,10,season_reset,0,2025-03-07,2025-03-30,2025-03-08,2025-03-31,test,2024-12-29,2025-02-26
422,S45G01N257,2025-04-03,2024-2025,10,울산 현대모비스,06,수원 KT,1,10,season_reset,0,2025-03-06,2025-03-29,2025-03-04,2025-03-31,test,2024-12-29,2025-02-26
423,S45G01N258,2025-04-04,2024-2025,60,부산 KCC,35,서울 삼성,0,10,season_reset,0,2025-03-02,2025-04-02,2025-03-08,2025-04-01,test,2024-12-29,2025-02-26
424,S45G01N259,2025-04-04,2024-2025,66,고양 소노,16,원주 DB,1,10,season_reset,0,2025-03-07,2025-04-02,2025-03-06,2025-03-30,test,2024-12-29,2025-02-26
425,S45G01N260,2025-04-05,2024-2025,10,울산 현대모비스,50,창원 LG,0,10,season_reset,0,2025-03-08,2025-04-03,2025-03-09,2025-04-03,test,2024-12-29,2025-02-26
426,S45G01N261,2025-04-05,2024-2025,70,안양 정관장,55,서울 SK,1,10,season_reset,0,2025-03-10,2025-04-03,2025-03-05,2025-03-30,test,2024-12-29,2025-02-26
427,S45G01N262,2025-04-05,2024-2025,64,대구 한국가스공사,06,수원 KT,1,10,season_reset,0,2025-03-09,2025-04-01,2025-03-13,2025-04-03,test,2024-12-29,2025-02-26
428,S45G01N263,2025-04-06,2024-2025,55,서울 SK,66,고양 소노,0,10,season_reset,0,2025-03-07,2025-04-05,2025-03-09,2025-04-04,test,2024-12-29,2025-02-26
429,S45G01N264,2025-04-06,2024-2025,10,울산 현대모비스,35,서울 삼성,1,10,season_reset,0,2025-03-11,2025-04-05,2025-03-11,2025-04-04,test,2024-12-29,2025-02-26
430,S45G01N265,2025-04-06,2024-2025,16,원주 DB,60,부산 KCC,1,10,season_reset,0,2025-03-08,2025-04-04,2025-03-13,2025-04-04,test,2024-12-29,2025-02-26
431,S45G01N266,2025-04-08,2024-2025,06,수원 KT,60,부산 KCC,1,10,season_reset,0,2025-03-15,2025-04-05,2025-03-15,2025-04-06,test,2024-12-29,2025-02-26
432,S45G01N267,2025-04-08,2024-2025,16,원주 DB,70,안양 정관장,0,10,season_reset,0,2025-03-10,2025-04-06,2025-03-12,2025-04-05,test,2024-12-29,2025-02-26
433,S45G01N268,2025-04-08,2024-2025,55,서울 SK,35,서울 삼성,1,10,season_reset,0,2025-03-09,2025-04-06,2025-03-13,2025-04-06,test,2024-12-29,2025-02-26
434,S45G01N269,2025-04-08,2024-2025,64,대구 한국가스공사,10,울산 현대모비스,0,10,season_reset,0,2025-03-12,2025-04-05,2025-03-14,2025-04-06,test,2024-12-29,2025-02-26
435,S45G01N270,2025-04-08,2024-2025,66,고양 소노,50,창원 LG,1,10,season_reset,0,2025-03-13,2025-04-06,2025-03-14,2025-04-05,test,2024-12-29,2025-02-26
